feature,value
lbp-3D-k_glcm_ClusterTendency,0.36569706267173435
lbp-3D-k_glcm_ClusterProminence,0.3623302505058707
lbp-3D-k_glcm_Autocorrelation,0.36071753165881465
lbp-3D-k_glcm_SumSquares,0.3597813576999101
lbp-3D-k_glcm_SumAverage,0.35844540447612927
lbp-3D-k_glcm_JointAverage,0.35844540447612677
lbp-3D-k_glcm_SumEntropy,0.3571952085548481
lbp-3D-k_glcm_JointEntropy,0.3547941683456852
lbp-3D-k_glcm_JointEnergy,0.3540820350892558
lbp-3D-k_firstorder_MeanAbsoluteDeviation,0.35402393270261384
lbp-3D-k_glcm_MaximumProbability,0.3539329336528857
lbp-3D-k_firstorder_90Percentile,0.3510645074717927
lbp-3D-k_firstorder_RobustMeanAbsoluteDeviation,0.34690318717088486
lbp-3D-k_firstorder_Entropy,0.3441688131921015
lbp-3D-k_gldm_LargeDependenceLowGrayLevelEmphasis,0.34405779792576924
lbp-3D-k_glcm_Id,0.3440352818260525
lbp-3D-k_glcm_Idm,0.3440352818260525
lbp-3D-k_glcm_Contrast,0.34403528182605075
lbp-3D-k_glcm_DifferenceAverage,0.34403528182605075
lbp-3D-k_glcm_InverseVariance,0.34403528182605075
lbp-3D-k_glcm_Idmn,0.34403528182604964
lbp-3D-k_glcm_Idn,0.3440352818260465
lbp-3D-k_glrlm_RunVariance,0.34361262071447624
lbp-3D-k_gldm_GrayLevelVariance,0.3430830870886292
lbp-3D-k_firstorder_Uniformity,0.3430830870886287
lbp-3D-k_firstorder_InterquartileRange,0.3426593474899618
lbp-3D-k_glrlm_LongRunLowGrayLevelEmphasis,0.34154957583104045
lbp-3D-k_glrlm_LongRunEmphasis,0.3398189263136211
lbp-3D-k_gldm_HighGrayLevelEmphasis,0.3395826957374309
lbp-3D-k_gldm_LowGrayLevelEmphasis,0.3395826957374307
lbp-3D-k_glcm_DifferenceVariance,0.33899888029673275
lbp-3D-k_firstorder_Variance,0.33854266254289794
lbp-3D-k_gldm_LargeDependenceEmphasis,0.33845939819611875
lbp-3D-k_glcm_DifferenceEntropy,0.33607373526474005
lbp-3D-k_glrlm_RunPercentage,0.3346132114483997
lbp-3D-k_glrlm_LongRunHighGrayLevelEmphasis,0.33265668965909545
lbp-3D-k_glrlm_RunLengthNonUniformityNormalized,0.33186360083400035
lbp-3D-k_ngtdm_Complexity,0.33016915661529417
wavelet-HLH_glszm_ZoneVariance,0.32940581796545987
wavelet-HLH_glszm_LargeAreaEmphasis,0.3293818834271139
lbp-3D-k_ngtdm_Contrast,0.3290875477591322
lbp-3D-k_glcm_ClusterShade,0.3280059566555007
wavelet-LHH_glszm_ZoneVariance,0.32567869522556975
wavelet-LHH_glszm_LargeAreaEmphasis,0.32561221809443913
logarithm_glszm_SizeZoneNonUniformityNormalized,0.3178998273009519
logarithm_glcm_Idn,0.31633780063855904
logarithm_glszm_SmallAreaEmphasis,0.3161493796003864
wavelet-HHH_glszm_ZoneVariance,0.31532496710359337
lbp-3D-k_gldm_DependenceEntropy,0.3134872488558564
wavelet-HLH_ngtdm_Busyness,0.31087671462349714
wavelet-HHH_glszm_LargeAreaEmphasis,0.3107561828602124
wavelet-LHL_glszm_LargeAreaLowGrayLevelEmphasis,0.30725288520598526
wavelet-HHL_glszm_ZoneVariance,0.30705893460911515
wavelet-HHL_glszm_LargeAreaEmphasis,0.3068245951388162
logarithm_glcm_Idmn,0.3051375235956337
wavelet-HLH_glszm_LargeAreaLowGrayLevelEmphasis,0.3042249933872465
lbp-3D-k_glrlm_ShortRunLowGrayLevelEmphasis,0.2998832087499423
wavelet-LHL_glszm_LargeAreaEmphasis,0.29908539297289494
wavelet-LHL_glszm_ZoneVariance,0.2990440764875873
lbp-3D-k_glrlm_ShortRunEmphasis,0.2972951616312198
lbp-3D-k_gldm_DependenceNonUniformityNormalized,0.2939994213386659
lbp-3D-k_glrlm_RunEntropy,0.29342493564735506
lbp-3D-k_gldm_LargeDependenceHighGrayLevelEmphasis,0.2911859410301375
wavelet-HLL_glszm_LargeAreaLowGrayLevelEmphasis,0.2900505322536007
wavelet-HHL_ngtdm_Busyness,0.2890422648927037
wavelet-LHH_ngtdm_Busyness,0.28880413395484517
square_ngtdm_Strength,0.2842432402709862
logarithm_glcm_DifferenceAverage,0.2803637222646515
wavelet-HLL_glszm_LargeAreaEmphasis,0.27697919045984026
wavelet-HLL_glszm_ZoneVariance,0.2769422538068575
wavelet-HHL_glcm_MCC,0.2765442974287245
logarithm_glcm_DifferenceEntropy,0.2755981799378898
wavelet-LHH_glszm_LargeAreaLowGrayLevelEmphasis,0.274124785366566
wavelet-HHH_ngtdm_Busyness,0.2697602718535459
lbp-3D-k_firstorder_Mean,0.26931888635165685
wavelet-HHL_glszm_LargeAreaLowGrayLevelEmphasis,0.2666726379742328
wavelet-HHH_glcm_MCC,0.2661306794561769
square_glszm_SizeZoneNonUniformityNormalized,0.2640490678808394
logarithm_ngtdm_Contrast,0.2615674299286794
square_glszm_SmallAreaEmphasis,0.26104635689171873
logarithm_gldm_DependenceNonUniformityNormalized,0.2596881759085915
logarithm_gldm_SmallDependenceEmphasis,0.2577968066147521
squareroot_glcm_Idmn,0.25597418653801857
squareroot_glcm_Idn,0.25362144111029455
original_glszm_ZoneEntropy,0.252801492100431
wavelet-HLH_glcm_MCC,0.25100313705236754
wavelet-LHL_ngtdm_Busyness,0.25061592169948854
gradient_glcm_Correlation,0.25048272058246523
logarithm_glszm_ZonePercentage,0.24729460936045156
wavelet-HLL_ngtdm_Busyness,0.2462069195170238
gradient_glcm_MCC,0.24306928483810766
logarithm_firstorder_90Percentile,0.24169440893997504
square_glszm_ZoneEntropy,0.24123280395518554
wavelet-LHH_glrlm_RunVariance,0.24099575877306884
wavelet-LHH_glrlm_LongRunEmphasis,0.23994650049526856
wavelet-LLL_ngtdm_Contrast,0.23912503293530576
wavelet-HLL_ngtdm_Strength,0.23871735326225738
squareroot_glszm_SizeZoneNonUniformityNormalized,0.2377713319353317
squareroot_glszm_SmallAreaEmphasis,0.23764693277474908
wavelet-LHH_gldm_LargeDependenceEmphasis,0.23727839125590655
wavelet-HHH_glszm_LargeAreaLowGrayLevelEmphasis,0.23591430381237455
wavelet-LHH_glcm_JointEnergy,0.2352091797262374
squareroot_gldm_SmallDependenceHighGrayLevelEmphasis,0.23491004546539915
logarithm_glcm_Id,0.2343856687152902
logarithm_glcm_Contrast,0.23430684594613313
wavelet-LLH_glszm_LargeAreaLowGrayLevelEmphasis,0.23426955996012544
squareroot_ngtdm_Contrast,0.23380470698810557
logarithm_glcm_Imc1,0.23291305016682148
wavelet-LLL_glcm_Imc1,0.23004479879090506
wavelet-HHL_glcm_Imc2,0.22966147793548647
lbp-3D-m2_firstorder_Maximum,0.2293109815124215
lbp-3D-m2_firstorder_Range,0.2293109815124215
logarithm_glcm_Correlation,0.2287808674945934
wavelet-HHH_glrlm_RunVariance,0.22857175900186288
gradient_ngtdm_Contrast,0.2269117368450037
squareroot_glcm_DifferenceAverage,0.22664650216766166
square_glrlm_LowGrayLevelRunEmphasis,0.2264481955987723
wavelet-LHH_glrlm_ShortRunEmphasis,0.22634284123329562
wavelet-HHH_glszm_GrayLevelNonUniformityNormalized,0.22583969061565715
logarithm_glcm_InverseVariance,0.2257070586324035
wavelet-LHH_glrlm_RunPercentage,0.2234349198566607
square_glcm_InverseVariance,0.2228976095070922
wavelet-HLH_glrlm_RunVariance,0.22287288731458593
wavelet-LHH_glszm_GrayLevelNonUniformityNormalized,0.22110661051187
wavelet-HLH_glrlm_LongRunEmphasis,0.22050137948069248
squareroot_gldm_SmallDependenceEmphasis,0.2200028886175471
wavelet-LLH_glcm_Correlation,0.2197294563559934
squareroot_firstorder_90Percentile,0.21895757896332183
wavelet-LLH_glszm_ZoneVariance,0.21866850699876397
wavelet-LLH_glszm_LargeAreaEmphasis,0.21866759246055403
wavelet-HHH_glrlm_LongRunEmphasis,0.21856839084840934
gradient_glcm_Idmn,0.21815172678886297
squareroot_glcm_DifferenceEntropy,0.21803764384426974
gradient_gldm_SmallDependenceLowGrayLevelEmphasis,0.21765904021828592
wavelet-LHH_glcm_MaximumProbability,0.2175419569239566
wavelet-HHH_glszm_LargeAreaHighGrayLevelEmphasis,0.21699237750848435
wavelet-HLH_glcm_Imc2,0.21691681161053497
wavelet-LHH_glrlm_RunLengthNonUniformityNormalized,0.2168670531265772
wavelet-HLH_gldm_LargeDependenceEmphasis,0.21684192189950263
squareroot_gldm_DependenceNonUniformityNormalized,0.21575769230540115
original_gldm_DependenceEntropy,0.21546893203333933
lbp-3D-k_glszm_GrayLevelVariance,0.21539491031219554
lbp-3D-k_glszm_GrayLevelNonUniformityNormalized,0.21539491031219213
wavelet-LHH_firstorder_Uniformity,0.21521101404284138
wavelet-LLL_gldm_DependenceEntropy,0.21472507054458007
squareroot_glcm_Id,0.21450457785896174
squareroot_glszm_ZonePercentage,0.21442431137023424
logarithm_glcm_Idm,0.21438598700311917
wavelet-LLL_glcm_Idmn,0.2140124507463853
wavelet-LHH_glrlm_GrayLevelNonUniformityNormalized,0.21352817556795245
wavelet-LLL_ngtdm_Strength,0.21192612228061164
wavelet-LLH_ngtdm_Busyness,0.21190938595109354
wavelet-HLL_glszm_SizeZoneNonUniformityNormalized,0.21151931979778246
squareroot_glszm_LargeAreaHighGrayLevelEmphasis,0.2113515801400107
wavelet-LHH_gldm_LargeDependenceLowGrayLevelEmphasis,0.21081276435476823
wavelet-HLH_glszm_SizeZoneNonUniformityNormalized,0.21047186293054454
wavelet-HLH_glcm_Correlation,0.21030258505682184
square_glrlm_GrayLevelNonUniformityNormalized,0.20969043630179174
wavelet-HLH_glszm_SmallAreaEmphasis,0.20961757909800283
wavelet-HLL_glszm_SmallAreaEmphasis,0.20884411677913178
logarithm_glrlm_RunLengthNonUniformityNormalized,0.20883342003779695
wavelet-HLH_glszm_GrayLevelNonUniformityNormalized,0.20858778148459037
lbp-3D-k_glszm_LowGrayLevelZoneEmphasis,0.20843458425902758
lbp-3D-k_glszm_HighGrayLevelZoneEmphasis,0.20843458425901565
squareroot_glcm_Imc1,0.2083882718450487
square_glszm_SmallAreaLowGrayLevelEmphasis,0.20838733533625248
wavelet-LHL_firstorder_Mean,0.20824692902117012
wavelet-LLH_gldm_DependenceVariance,0.20698343640401926
wavelet-HHH_glcm_Imc1,0.20635821554040232
wavelet-HLH_gldm_GrayLevelNonUniformity,0.2061501170895062
wavelet-HLH_glrlm_ShortRunEmphasis,0.20585309694021325
squareroot_glcm_InverseVariance,0.205805983459515
logarithm_glrlm_ShortRunEmphasis,0.20469149512731527
wavelet-HHH_gldm_LargeDependenceEmphasis,0.2043627520417424
wavelet-HLL_glcm_Imc2,0.20429260871129404
squareroot_glcm_Correlation,0.20415915736684834
wavelet-LHH_gldm_DependenceVariance,0.20403386457347059
wavelet-HLH_glrlm_RunPercentage,0.20391705186882414
wavelet-HHL_ngtdm_Strength,0.2034995746345705
squareroot_glszm_SmallAreaHighGrayLevelEmphasis,0.20345093578801582
wavelet-LHH_gldm_GrayLevelNonUniformity,0.20305924254861188
original_glszm_SizeZoneNonUniformityNormalized,0.20298392917981067
wavelet-HLL_glszm_LargeAreaHighGrayLevelEmphasis,0.20251242040565526
wavelet-HLL_glszm_GrayLevelVariance,0.20182617500882696
wavelet-HHL_gldm_GrayLevelNonUniformity,0.20100307659080197
original_glszm_SmallAreaEmphasis,0.20054506675027592
wavelet-HLH_glcm_JointEnergy,0.200365018406822
logarithm_glrlm_RunPercentage,0.2003160122255508
wavelet-HHH_gldm_DependenceEntropy,0.20010526873391477
wavelet-HLL_firstorder_Mean,0.19998390411563505
original_shape_SurfaceVolumeRatio,0.19974749517105886
wavelet-HHH_glcm_Imc2,0.1996448053715884
wavelet-LLH_ngtdm_Coarseness,0.199282537498543
wavelet-LHL_firstorder_Median,0.19914727889874564
wavelet-LLL_glcm_Correlation,0.1990281948666008
wavelet-HHH_gldm_LargeDependenceLowGrayLevelEmphasis,0.19849276338534516
wavelet-LHL_glcm_MCC,0.19822321667873244
wavelet-LHH_glcm_Idm,0.19774793949158445
square_glrlm_ShortRunEmphasis,0.1976984237288639
wavelet-HLH_glrlm_RunLengthNonUniformityNormalized,0.19753174991197034
original_glszm_SmallAreaHighGrayLevelEmphasis,0.19752685681697635
wavelet-LHH_glszm_SmallAreaEmphasis,0.19751147456148868
wavelet-HHH_glrlm_LongRunLowGrayLevelEmphasis,0.19726228898824744
original_gldm_LargeDependenceHighGrayLevelEmphasis,0.1971455179502173
lbp-3D-k_glszm_GrayLevelNonUniformity,0.19706843235545252
squareroot_glcm_Idm,0.19625541292505716
gradient_glszm_SizeZoneNonUniformityNormalized,0.19614314361255503
wavelet-LHH_glcm_Correlation,0.1958384810861028
gradient_glszm_SmallAreaEmphasis,0.19534079823995845
square_glrlm_RunLengthNonUniformityNormalized,0.19521528693277018
logarithm_glcm_Imc2,0.19495652916772457
lbp-3D-k_firstorder_Median,0.19488399312777097
wavelet-HLL_ngtdm_Coarseness,0.1947202640499703
wavelet-HLH_gldm_LargeDependenceLowGrayLevelEmphasis,0.1946917403777364
squareroot_glszm_ZoneEntropy,0.19455381939950223
wavelet-HHH_glrlm_ShortRunEmphasis,0.19451344698556183
wavelet-HHH_glcm_Correlation,0.19439040531473142
wavelet-LHL_ngtdm_Coarseness,0.19425799184825382
exponential_glszm_ZonePercentage,0.1941279712263386
wavelet-HLH_firstorder_Median,0.1940488022415474
wavelet-LLL_glszm_ZoneEntropy,0.19381124682052225
logarithm_firstorder_Entropy,0.1936918297688756
lbp-3D-k_glszm_SizeZoneNonUniformity,0.19364489372694602
wavelet-HHH_glrlm_RunPercentage,0.19322282132280869
wavelet-LHH_glcm_Id,0.1927924555308493
wavelet-LLL_glcm_Imc2,0.1925471960470507
wavelet-LHH_ngtdm_Coarseness,0.1923974950291064
square_glcm_Correlation,0.19208926768568557
squareroot_glcm_Contrast,0.19200864314546187
wavelet-LHH_glszm_LargeAreaHighGrayLevelEmphasis,0.19185406894542678
original_ngtdm_Contrast,0.19162039364230551
wavelet-HLH_ngtdm_Coarseness,0.19155645536827598
original_glcm_Correlation,0.19121098968784675
wavelet-HLL_glcm_MCC,0.19120226200829835
wavelet-HHL_ngtdm_Coarseness,0.1911553434286133
wavelet-HHH_glcm_JointEnergy,0.19084352884542474
original_glcm_Idmn,0.1905755706661326
wavelet-HHH_gldm_GrayLevelNonUniformity,0.19045203180838305
squareroot_glcm_Imc2,0.19001870641199337
wavelet-HLH_firstorder_Uniformity,0.18959297658781674
gradient_ngtdm_Coarseness,0.1895539575281969
wavelet-HHL_glcm_Imc1,0.18949530795934436
wavelet-HHH_ngtdm_Coarseness,0.18931200663465036
logarithm_glcm_SumEntropy,0.18924445610012824
wavelet-LLH_gldm_LargeDependenceLowGrayLevelEmphasis,0.18865662637600708
logarithm_glszm_GrayLevelNonUniformityNormalized,0.1883366715139255
wavelet-HLH_glrlm_GrayLevelNonUniformityNormalized,0.18803270197376662
logarithm_glrlm_LongRunEmphasis,0.18783709603010298
wavelet-LLH_glrlm_RunVariance,0.18737003104498529
wavelet-HLH_glrlm_LongRunLowGrayLevelEmphasis,0.18733661276300462
wavelet-LHH_glszm_SizeZoneNonUniformityNormalized,0.1873283639416476
wavelet-LHH_glrlm_LongRunLowGrayLevelEmphasis,0.1872761814425299
wavelet-LHL_ngtdm_Strength,0.18724589989900745
wavelet-LLL_firstorder_TotalEnergy,0.1870716146432125
logarithm_glcm_DifferenceVariance,0.18700496361795796
wavelet-HLL_ngtdm_Complexity,0.18693698721883492
lbp-3D-k_firstorder_Maximum,0.186907106301842
lbp-3D-k_firstorder_Range,0.186816017883945
squareroot_ngtdm_Complexity,0.18680067624334032
wavelet-HLH_glcm_MaximumProbability,0.18667463962318862
wavelet-LLH_glszm_SmallAreaEmphasis,0.1865639726438289
gradient_ngtdm_Strength,0.1863714612855001
wavelet-HHL_glszm_SmallAreaEmphasis,0.18611912296576968
squareroot_firstorder_TotalEnergy,0.1860933962009959
wavelet-HLL_glszm_SmallAreaHighGrayLevelEmphasis,0.18602259100960059
original_gldm_DependenceVariance,0.18592634355305757
wavelet-HHL_glszm_SizeZoneNonUniformityNormalized,0.18584865222048957
wavelet-HHH_glrlm_GrayLevelNonUniformityNormalized,0.18575711830206154
wavelet-LLL_firstorder_90Percentile,0.18569340061561934
original_ngtdm_Strength,0.18523784549878125
squareroot_glrlm_RunLengthNonUniformityNormalized,0.1848883427409718
original_firstorder_TotalEnergy,0.18478223524800583
wavelet-HHH_glrlm_RunLengthNonUniformityNormalized,0.18451816845666963
lbp-3D-m2_firstorder_Mean,0.18425885290473415
wavelet-LLH_glszm_SizeZoneNonUniformityNormalized,0.18371571461646521
original_firstorder_90Percentile,0.1832315764825939
squareroot_glszm_HighGrayLevelZoneEmphasis,0.18311078831398217
wavelet-LLH_firstorder_Skewness,0.18249489360751825
wavelet-LHH_glcm_JointEntropy,0.1824676864903532
squareroot_glrlm_ShortRunEmphasis,0.18228802655070564
wavelet-HHH_firstorder_Uniformity,0.1820647739916201
wavelet-LLH_gldm_LargeDependenceEmphasis,0.18179593446825296
wavelet-HLL_glrlm_ShortRunHighGrayLevelEmphasis,0.1817169002713685
gradient_glszm_ZoneEntropy,0.18125876847851052
wavelet-LHH_firstorder_Entropy,0.18122097097799542
wavelet-HLL_glcm_ClusterProminence,0.18109432589496635
wavelet-HLH_gldm_DependenceVariance,0.1808089059914949
wavelet-LHL_glrlm_RunVariance,0.18042983439691246
wavelet-LHH_glcm_DifferenceEntropy,0.18030617615943653
wavelet-HLL_gldm_HighGrayLevelEmphasis,0.17998104987243888
wavelet-HLL_glszm_HighGrayLevelZoneEmphasis,0.17995152217020352
wavelet-HLL_glrlm_HighGrayLevelRunEmphasis,0.17994354670482005
wavelet-HLH_firstorder_Mean,0.1799162764422325
squareroot_gldm_DependenceEntropy,0.17983118126832742
wavelet-HLL_glcm_Autocorrelation,0.17960219725563323
wavelet-HLH_glcm_Idm,0.179448439820548
squareroot_firstorder_Kurtosis,0.17942699898016579
wavelet-HHL_glcm_Autocorrelation,0.17924282476648143
square_ngtdm_Coarseness,0.17902657523317028
original_gldm_LargeDependenceEmphasis,0.1788947261345781
wavelet-HHL_glszm_HighGrayLevelZoneEmphasis,0.17857137125470104
wavelet-HLH_glcm_Id,0.17854993684581552
wavelet-HLL_gldm_SmallDependenceHighGrayLevelEmphasis,0.17792652070820925
wavelet-HLL_firstorder_Range,0.1778535509014021
wavelet-HHL_glrlm_HighGrayLevelRunEmphasis,0.177853020608547
wavelet-HHL_gldm_HighGrayLevelEmphasis,0.17782918784963
wavelet-HHL_glszm_SmallAreaHighGrayLevelEmphasis,0.17781748974983255
original_glszm_HighGrayLevelZoneEmphasis,0.17763270430014763
logarithm_glrlm_RunVariance,0.17762503043242758
wavelet-LHL_glrlm_LongRunEmphasis,0.17758852873438163
square_glszm_LowGrayLevelZoneEmphasis,0.177345768331568
logarithm_firstorder_Mean,0.17733864463163895
wavelet-LHL_gldm_LargeDependenceEmphasis,0.17724775129303308
logarithm_gldm_SmallDependenceHighGrayLevelEmphasis,0.17687582234271435
wavelet-HHL_glrlm_ShortRunHighGrayLevelEmphasis,0.17680851383049973
wavelet-LHH_glcm_SumEntropy,0.17674287938451938
lbp-3D-k_gldm_DependenceVariance,0.17661384719746553
wavelet-LLH_glrlm_LongRunEmphasis,0.17632503724605988
wavelet-HHL_firstorder_Minimum,0.17595682264223328
wavelet-LLL_ngtdm_Coarseness,0.17594007028008407
wavelet-HHH_glcm_MaximumProbability,0.17582225786571148
wavelet-HLL_glrlm_GrayLevelVariance,0.17564318446999688
wavelet-HLL_glrlm_LongRunEmphasis,0.17547386998730174
wavelet-HLL_glrlm_RunVariance,0.17533294351164333
wavelet-HHL_glrlm_LongRunHighGrayLevelEmphasis,0.17518182339948005
wavelet-HLH_glcm_Imc1,0.1750656074702547
wavelet-LLL_glcm_JointEntropy,0.17475748073397634
wavelet-LHH_glcm_InverseVariance,0.17466747109656228
squareroot_glrlm_RunPercentage,0.17443453542518522
wavelet-HLL_firstorder_Maximum,0.17443264871598255
original_ngtdm_Coarseness,0.17427641289620624
wavelet-HHL_glcm_JointAverage,0.17426265456738085
wavelet-HHL_glcm_SumAverage,0.1742626545673784
wavelet-HLL_firstorder_Minimum,0.17416738990549616
wavelet-HLL_firstorder_Variance,0.17409036054284943
wavelet-HLL_gldm_GrayLevelVariance,0.17399010539039467
wavelet-HLL_glcm_DifferenceVariance,0.17383836429349736
wavelet-HLH_glcm_JointEntropy,0.17377494222383028
exponential_glszm_LargeAreaLowGrayLevelEmphasis,0.17374720041562344
exponential_glszm_LargeAreaEmphasis,0.17374720040062627
exponential_glszm_LargeAreaHighGrayLevelEmphasis,0.17374720003814348
wavelet-HLH_glszm_LargeAreaHighGrayLevelEmphasis,0.17360961465107155
wavelet-HLH_firstorder_Entropy,0.1734212325552432
wavelet-HLH_glcm_DifferenceEntropy,0.17341441192233428
wavelet-HHH_glszm_ZoneEntropy,0.173134759661758
wavelet-HLL_firstorder_RootMeanSquared,0.17265264254088736
wavelet-HLL_firstorder_10Percentile,0.17263967275649603
original_glrlm_RunVariance,0.17256935072854607
square_glrlm_RunLengthNonUniformity,0.1724883950560983
original_glcm_MaximumProbability,0.17240279008532458
wavelet-HHH_firstorder_Entropy,0.17240225984677587
exponential_firstorder_Mean,0.17234536713961235
lbp-2D_glszm_ZonePercentage,0.17216259619476684
lbp-3D-m1_glszm_ZonePercentage,0.17216259619476684
lbp-3D-m2_glszm_ZonePercentage,0.17216259619476684
logarithm_firstorder_Skewness,0.17205487837756236
wavelet-HLL_firstorder_Median,0.1718463494264205
square_glszm_GrayLevelVariance,0.17156261704441916
wavelet-HLL_gldm_GrayLevelNonUniformity,0.17133981156091485
wavelet-HLL_glcm_JointAverage,0.17119125995586398
wavelet-HLL_glcm_SumAverage,0.17119125995586307
wavelet-HHH_glcm_JointEntropy,0.1710011235493194
wavelet-LHH_gldm_SmallDependenceEmphasis,0.17085973517852607
logarithm_firstorder_RootMeanSquared,0.1708375477897295
exponential_firstorder_90Percentile,0.17068552491044878
wavelet-HLH_glcm_SumEntropy,0.17067597337566184
wavelet-HLL_gldm_LargeDependenceEmphasis,0.1706004899999067
original_glrlm_LongRunEmphasis,0.17052901946774798
logarithm_firstorder_Kurtosis,0.17038555375847392
wavelet-HHH_glcm_SumEntropy,0.1702963599001567
square_glcm_Imc1,0.16997175505580173
wavelet-HHH_glcm_DifferenceEntropy,0.16991191920395526
wavelet-LHH_glrlm_GrayLevelNonUniformity,0.1698841374584363
wavelet-HHH_glszm_SizeZoneNonUniformityNormalized,0.1696866065391098
wavelet-HHL_gldm_DependenceEntropy,0.1696756148913901
wavelet-HHL_firstorder_Range,0.16966247534695456
wavelet-HLH_glcm_JointAverage,0.16945322015251127
wavelet-HLH_glcm_SumAverage,0.16945322015250897
wavelet-HHL_glrlm_GrayLevelNonUniformity,0.16943150777764832
wavelet-HLH_firstorder_Minimum,0.16936428121789
wavelet-LHL_glrlm_ShortRunEmphasis,0.1692241934521424
gradient_glcm_Idn,0.1689308486308173
wavelet-LHL_glrlm_RunPercentage,0.16892770311030017
wavelet-HHH_glcm_Idm,0.16863033356021412
wavelet-HLH_glrlm_GrayLevelNonUniformity,0.16856040234827147
wavelet-HHH_glcm_Id,0.16813584905575632
wavelet-LLH_ngtdm_Strength,0.16800014997181528
wavelet-LLL_glcm_Idn,0.16790030601424308
lbp-3D-k_glszm_ZonePercentage,0.1678079729005434
wavelet-HLL_glrlm_ShortRunEmphasis,0.16770889343794979
wavelet-HLH_gldm_LowGrayLevelEmphasis,0.16770660791270334
exponential_glrlm_RunLengthNonUniformityNormalized,0.1676686657564178
wavelet-HLH_gldm_DependenceEntropy,0.16764823540382182
wavelet-HHH_glszm_SmallAreaEmphasis,0.16739003263501612
logarithm_glrlm_RunEntropy,0.16738809121743753
original_gldm_SmallDependenceHighGrayLevelEmphasis,0.167332103076785
lbp-2D_glrlm_RunLengthNonUniformityNormalized,0.16717171458387822
lbp-3D-m1_glrlm_RunLengthNonUniformityNormalized,0.16717171458387822
lbp-3D-m2_glrlm_RunLengthNonUniformityNormalized,0.16717171458387822
wavelet-HLL_glcm_ClusterTendency,0.1666268552141365
wavelet-HLL_glrlm_RunPercentage,0.16647614604512628
squareroot_glrlm_ShortRunHighGrayLevelEmphasis,0.16644102142655445
wavelet-LLL_glcm_DifferenceVariance,0.16641435056675594
original_glrlm_RunEntropy,0.1664100484735897
wavelet-HLH_glrlm_LowGrayLevelRunEmphasis,0.16628527903991122
wavelet-LLH_glcm_MaximumProbability,0.16627028844793282
exponential_gldm_DependenceEntropy,0.16623133611669963
lbp-2D_gldm_DependenceEntropy,0.16613312693465962
lbp-3D-m1_gldm_DependenceEntropy,0.16613312693465962
lbp-3D-m2_gldm_DependenceEntropy,0.16613312693465962
wavelet-HHH_glszm_LowGrayLevelZoneEmphasis,0.1658741917793867
lbp-3D-m1_firstorder_10Percentile,0.16580551799819887
logarithm_glszm_ZoneEntropy,0.16579146774513162
original_glszm_ZoneVariance,0.16573342819425801
original_glszm_LargeAreaEmphasis,0.16571169482483425
wavelet-HHL_glrlm_RunVariance,0.1650720243073511
wavelet-HHH_gldm_LowGrayLevelEmphasis,0.1649473019529872
wavelet-LHH_glszm_ZonePercentage,0.16490323785018993
wavelet-LHL_glrlm_RunLengthNonUniformityNormalized,0.16469595847040566
logarithm_glrlm_GrayLevelNonUniformityNormalized,0.1645686398286793
logarithm_ngtdm_Complexity,0.16454712033846522
squareroot_ngtdm_Coarseness,0.16444144206159036
original_glszm_LargeAreaHighGrayLevelEmphasis,0.16443199265368424
wavelet-HHH_glrlm_LowGrayLevelRunEmphasis,0.16424804159356943
wavelet-HLH_gldm_SmallDependenceEmphasis,0.16402352192223002
gradient_glcm_Imc2,0.16389099411791
wavelet-HHH_glrlm_RunEntropy,0.16387891930212128
wavelet-LHL_gldm_DependenceVariance,0.16382397304723642
gradient_glcm_Imc1,0.16379231480437154
wavelet-HHH_glrlm_GrayLevelNonUniformity,0.16373714648949028
wavelet-HLL_glcm_SumSquares,0.16370432499505955
wavelet-HLH_ngtdm_Strength,0.1636817695007766
wavelet-LLL_glszm_GrayLevelNonUniformityNormalized,0.16365576598589046
wavelet-HLL_glcm_JointEnergy,0.1635873388331849
wavelet-LHL_gldm_GrayLevelNonUniformity,0.1635079600926983
squareroot_glrlm_LongRunEmphasis,0.16347482434659516
wavelet-HLL_glrlm_RunLengthNonUniformityNormalized,0.16324173949104234
wavelet-HLH_glrlm_ShortRunLowGrayLevelEmphasis,0.162813349940039
logarithm_glcm_MCC,0.16278258802412976
lbp-3D-m2_firstorder_RootMeanSquared,0.16268639533130527
wavelet-LLH_glszm_GrayLevelVariance,0.16260357471850342
original_glrlm_ShortRunHighGrayLevelEmphasis,0.16258148037163048
original_glrlm_RunPercentage,0.16221143958718456
wavelet-HHH_glszm_SmallAreaLowGrayLevelEmphasis,0.16199600330876632
wavelet-LLL_gldm_SmallDependenceHighGrayLevelEmphasis,0.16161122273473866
wavelet-LLL_firstorder_Energy,0.16137073402430044
logarithm_gldm_LargeDependenceEmphasis,0.161346119792321
original_glcm_Imc2,0.16117350306800748
wavelet-HLL_glcm_Contrast,0.16112347687314424
wavelet-LHH_gldm_DependenceEntropy,0.16111648054615677
wavelet-LHL_gldm_SmallDependenceLowGrayLevelEmphasis,0.16107337823055348
wavelet-LHL_glcm_Imc2,0.16074757226388559
square_firstorder_Kurtosis,0.16074496492162524
wavelet-LLH_glrlm_RunPercentage,0.1605259455225085
wavelet-LHL_glcm_JointEnergy,0.15996344802619392
wavelet-HHL_firstorder_Median,0.15991967625454623
squareroot_glcm_SumAverage,0.15991764267851943
squareroot_glcm_JointAverage,0.15991764267850736
logarithm_firstorder_RobustMeanAbsoluteDeviation,0.15955479808019737
logarithm_glcm_SumAverage,0.1594514673950151
logarithm_glcm_JointAverage,0.15945146739501148
wavelet-HHL_glrlm_LongRunEmphasis,0.159429035728374
wavelet-LHH_gldm_DependenceNonUniformityNormalized,0.15902106509882072
wavelet-HLH_ngtdm_Contrast,0.15899607507722052
logarithm_firstorder_Uniformity,0.15899517866897142
square_glrlm_ShortRunLowGrayLevelEmphasis,0.15890295432274903
squareroot_glrlm_HighGrayLevelRunEmphasis,0.15889119948171196
wavelet-HHL_glszm_GrayLevelVariance,0.1585537767308988
squareroot_firstorder_Mean,0.1582031473692547
wavelet-HLH_firstorder_RobustMeanAbsoluteDeviation,0.15792761030122682
wavelet-HLH_firstorder_Range,0.15780091592920184
wavelet-HLH_firstorder_Skewness,0.15772700719542584
lbp-3D-m2_firstorder_10Percentile,0.15772026865682343
lbp-3D-k_glrlm_HighGrayLevelRunEmphasis,0.15761036287293514
lbp-3D-k_glrlm_LowGrayLevelRunEmphasis,0.15761036287292435
wavelet-LLH_gldm_SmallDependenceLowGrayLevelEmphasis,0.15750531210671104
original_firstorder_Energy,0.1574723377098645
squareroot_glrlm_GrayLevelNonUniformityNormalized,0.15746462732197036
wavelet-HHL_firstorder_Maximum,0.1574385776184306
wavelet-HLH_firstorder_InterquartileRange,0.1574156183187521
original_glcm_JointEnergy,0.15738639600610568
square_glcm_Imc2,0.15707870759526205
wavelet-LLL_glcm_Contrast,0.15703767716574982
wavelet-HLH_glszm_ZonePercentage,0.15686443435717684
lbp-3D-m2_firstorder_Median,0.15668803236155204
wavelet-HLH_glcm_DifferenceAverage,0.1566797249804073
lbp-3D-k_glszm_SmallAreaHighGrayLevelEmphasis,0.15659971477338783
square_firstorder_Skewness,0.15632209223776233
wavelet-HHL_glrlm_RunEntropy,0.1563010291683887
wavelet-HLL_gldm_SmallDependenceEmphasis,0.1562846377242936
wavelet-HLH_glszm_GrayLevelVariance,0.15627671021044678
squareroot_firstorder_Skewness,0.15624731701880998
exponential_gldm_SmallDependenceEmphasis,0.15610307575565682
wavelet-HHL_glszm_GrayLevelNonUniformityNormalized,0.15607259158407516
squareroot_firstorder_10Percentile,0.1560547934622383
squareroot_firstorder_Entropy,0.15602659206175945
lbp-3D-k_gldm_DependenceNonUniformity,0.15602065325153736
wavelet-HLL_gldm_DependenceVariance,0.15590711871408236
lbp-3D-m2_firstorder_Skewness,0.15588296625152992
wavelet-HLH_firstorder_MeanAbsoluteDeviation,0.15578213736119814
wavelet-LHH_firstorder_InterquartileRange,0.15551460531905892
wavelet-HHL_gldm_SmallDependenceHighGrayLevelEmphasis,0.15541668600780062
wavelet-HHH_glrlm_ShortRunLowGrayLevelEmphasis,0.15539476162703422
squareroot_gldm_HighGrayLevelEmphasis,0.15534032845058013
wavelet-HLL_firstorder_MeanAbsoluteDeviation,0.15523563172835386
squareroot_glcm_DifferenceVariance,0.15499308046329205
wavelet-LHL_glcm_Imc1,0.15478915245402178
wavelet-LHH_firstorder_Mean,0.1546590221304276
wavelet-HLH_firstorder_90Percentile,0.15452552656120694
wavelet-HHL_ngtdm_Complexity,0.15450079733548303
wavelet-LLH_glcm_ClusterProminence,0.15448331540112575
wavelet-LLL_gldm_DependenceVariance,0.15434500860321343
wavelet-HLH_firstorder_RootMeanSquared,0.1543366507169901
wavelet-LHH_glcm_DifferenceAverage,0.15405732648719175
wavelet-LHL_glcm_MaximumProbability,0.15393408698434585
wavelet-LLH_glrlm_ShortRunEmphasis,0.1537628535838449
square_glcm_MCC,0.15368581620842034
original_glcm_MCC,0.15366867914401275
lbp-2D_gldm_DependenceNonUniformityNormalized,0.15360714404385617
lbp-3D-m1_gldm_DependenceNonUniformityNormalized,0.15360714404385617
lbp-3D-m2_gldm_DependenceNonUniformityNormalized,0.15360714404385617
exponential_gldm_DependenceNonUniformityNormalized,0.15358593787132066
gradient_glszm_SmallAreaHighGrayLevelEmphasis,0.153336172428708
square_glcm_MaximumProbability,0.15312114790352332
original_shape_Maximum2DDiameterSlice,0.1530426547902641
wavelet-HLH_glcm_InverseVariance,0.15291897834322457
wavelet-HLH_glszm_SmallAreaHighGrayLevelEmphasis,0.15289249957798037
wavelet-HLH_glszm_HighGrayLevelZoneEmphasis,0.15282073513137626
wavelet-HHH_firstorder_RootMeanSquared,0.1527992660920583
wavelet-LHH_firstorder_RobustMeanAbsoluteDeviation,0.1527952634252741
original_shape_Maximum2DDiameterColumn,0.15268915569081726
logarithm_firstorder_MeanAbsoluteDeviation,0.15258977634394577
wavelet-LLH_glszm_ZoneEntropy,0.15239139251134115
wavelet-HHL_glcm_InverseVariance,0.15232579032487192
wavelet-HLH_glrlm_HighGrayLevelRunEmphasis,0.15212383725875642
wavelet-HLH_gldm_HighGrayLevelEmphasis,0.15204272657992327
wavelet-HLH_glcm_Autocorrelation,0.1520129146631292
square_glcm_Autocorrelation,0.1519231914878527
wavelet-LHL_firstorder_Range,0.15188267293281565
squareroot_firstorder_Uniformity,0.15175943685717755
wavelet-LLH_firstorder_Energy,0.1517338904064076
wavelet-LLL_glszm_SmallAreaHighGrayLevelEmphasis,0.15172994622576932
wavelet-LHH_firstorder_90Percentile,0.15170803651133083
square_ngtdm_Contrast,0.15167230883365176
wavelet-HLL_firstorder_TotalEnergy,0.15156854747123177
wavelet-HLH_firstorder_10Percentile,0.15149672134810935
wavelet-HHL_glcm_DifferenceEntropy,0.15148044172122616
gradient_glrlm_GrayLevelVariance,0.15084990301077045
square_firstorder_Uniformity,0.15075296844544295
gradient_gldm_DependenceVariance,0.1507213449968153
wavelet-HHL_firstorder_Entropy,0.15064720864964723
squareroot_glrlm_RunVariance,0.15062446609069444
lbp-2D_firstorder_Variance,0.15055597205898844
wavelet-HLH_glrlm_ShortRunHighGrayLevelEmphasis,0.15054682419497192
gradient_firstorder_Kurtosis,0.15048746325540774
wavelet-HLL_glszm_GrayLevelNonUniformityNormalized,0.1503828835832225
wavelet-HHH_firstorder_MeanAbsoluteDeviation,0.15036978268479953
wavelet-HLH_firstorder_Maximum,0.15018570859714825
gradient_firstorder_MeanAbsoluteDeviation,0.15000016383861586
wavelet-HLL_glcm_DifferenceAverage,0.1499271668781485
lbp-3D-k_glszm_SmallAreaEmphasis,0.14984514996021833
wavelet-HLL_firstorder_Uniformity,0.14976062197014695
square_firstorder_Entropy,0.14959401777000625
wavelet-LHL_glszm_SmallAreaEmphasis,0.14947317389597184
logarithm_glszm_SmallAreaHighGrayLevelEmphasis,0.14935876675201426
squareroot_glcm_Autocorrelation,0.1493484430118498
square_gldm_LowGrayLevelEmphasis,0.14921032995754513
wavelet-HHH_firstorder_10Percentile,0.1491042060569214
wavelet-LHH_firstorder_MeanAbsoluteDeviation,0.14910130662665208
wavelet-LHH_gldm_LowGrayLevelEmphasis,0.1488965182255203
wavelet-HHL_gldm_LargeDependenceEmphasis,0.14876479410005825
wavelet-HHH_glszm_GrayLevelVariance,0.1487296650943539
wavelet-HLL_ngtdm_Contrast,0.1487055987224418
original_glrlm_ShortRunEmphasis,0.14865016395028513
wavelet-LHL_glszm_LargeAreaHighGrayLevelEmphasis,0.14859781530010327
square_firstorder_10Percentile,0.14853573331222703
lbp-3D-m2_firstorder_Kurtosis,0.14842533302842226
wavelet-LHH_firstorder_10Percentile,0.14842205928697905
exponential_gldm_SmallDependenceLowGrayLevelEmphasis,0.14835273494413517
wavelet-HHH_firstorder_90Percentile,0.1482805783791852
squareroot_glcm_MCC,0.14825568619973145
wavelet-HHL_glrlm_GrayLevelNonUniformityNormalized,0.1482426786826183
lbp-2D_gldm_SmallDependenceEmphasis,0.14820859849360574
lbp-2D_gldm_SmallDependenceHighGrayLevelEmphasis,0.14820859849360574
lbp-2D_gldm_SmallDependenceLowGrayLevelEmphasis,0.14820859849360574
lbp-3D-m1_gldm_SmallDependenceEmphasis,0.14820859849360574
lbp-3D-m1_gldm_SmallDependenceHighGrayLevelEmphasis,0.14820859849360574
lbp-3D-m1_gldm_SmallDependenceLowGrayLevelEmphasis,0.14820859849360574
lbp-3D-m2_gldm_SmallDependenceEmphasis,0.14820859849360574
lbp-3D-m2_gldm_SmallDependenceHighGrayLevelEmphasis,0.14820859849360574
lbp-3D-m2_gldm_SmallDependenceLowGrayLevelEmphasis,0.14820859849360574
wavelet-HHL_glrlm_ShortRunEmphasis,0.14819951487309604
wavelet-HHL_glcm_SumEntropy,0.14817531272773252
wavelet-HHL_glrlm_RunPercentage,0.14811699312219806
wavelet-HLH_glrlm_LongRunHighGrayLevelEmphasis,0.14802165201192014
wavelet-HLL_glrlm_LongRunHighGrayLevelEmphasis,0.1479850394836421
wavelet-LHL_firstorder_Maximum,0.14794829623471686
wavelet-LHH_glrlm_LowGrayLevelRunEmphasis,0.14782451897478002
wavelet-HHH_gldm_SmallDependenceEmphasis,0.14780374032421104
wavelet-HLL_glcm_DifferenceEntropy,0.14778569845985928
wavelet-HHH_gldm_LargeDependenceHighGrayLevelEmphasis,0.14772876830212436
wavelet-HLH_glszm_LowGrayLevelZoneEmphasis,0.1477117862758706
lbp-3D-k_glrlm_GrayLevelNonUniformityNormalized,0.14768051181253125
lbp-3D-k_glrlm_GrayLevelVariance,0.14768051181252292
square_glcm_JointEnergy,0.14765946769343674
wavelet-HHL_firstorder_Uniformity,0.14748977380138265
gradient_glszm_HighGrayLevelZoneEmphasis,0.14730213244107987
wavelet-LLH_glrlm_RunLengthNonUniformityNormalized,0.14729623573593856
wavelet-HHH_glcm_DifferenceAverage,0.14724373514744185
wavelet-LHH_firstorder_RootMeanSquared,0.14706733797123156
lbp-2D_glrlm_RunPercentage,0.14702982661955133
lbp-3D-m1_glrlm_RunPercentage,0.14702982661955133
lbp-3D-m2_glrlm_RunPercentage,0.14702982661955133
wavelet-HHL_glcm_JointEntropy,0.1470298046383696
exponential_glrlm_RunPercentage,0.1470184257755635
wavelet-LLL_glszm_HighGrayLevelZoneEmphasis,0.14680841980614315
logarithm_glrlm_LongRunLowGrayLevelEmphasis,0.14670136065327716
gradient_gldm_LargeDependenceHighGrayLevelEmphasis,0.14669960173629426
wavelet-HLL_firstorder_Entropy,0.14646462521776538
wavelet-HHH_firstorder_RobustMeanAbsoluteDeviation,0.1464234844352839
wavelet-HLH_glrlm_RunEntropy,0.1463844702332131
wavelet-LHH_glrlm_RunEntropy,0.14627890453598308
wavelet-LHL_firstorder_Minimum,0.1462028466665825
wavelet-HLL_glszm_ZonePercentage,0.14613442597385864
square_firstorder_Mean,0.14609704780145352
wavelet-LHL_glcm_Autocorrelation,0.14600950431173673
wavelet-HLL_glrlm_GrayLevelNonUniformity,0.14592225947667484
wavelet-LLL_firstorder_10Percentile,0.14590313890799186
wavelet-HLL_glcm_MaximumProbability,0.14583895348440373
lbp-2D_gldm_LargeDependenceEmphasis,0.14578731451508098
lbp-2D_gldm_LargeDependenceHighGrayLevelEmphasis,0.14578731451508098
lbp-2D_gldm_LargeDependenceLowGrayLevelEmphasis,0.14578731451508098
lbp-3D-m1_gldm_LargeDependenceEmphasis,0.14578731451508098
lbp-3D-m1_gldm_LargeDependenceHighGrayLevelEmphasis,0.14578731451508098
lbp-3D-m1_gldm_LargeDependenceLowGrayLevelEmphasis,0.14578731451508098
lbp-3D-m2_gldm_LargeDependenceEmphasis,0.14578731451508098
lbp-3D-m2_gldm_LargeDependenceHighGrayLevelEmphasis,0.14578731451508098
lbp-3D-m2_gldm_LargeDependenceLowGrayLevelEmphasis,0.14578731451508098
square_glcm_JointAverage,0.14578666623465497
square_glcm_SumAverage,0.14578666623465494
exponential_gldm_LargeDependenceEmphasis,0.14576130517788444
exponential_gldm_LargeDependenceLowGrayLevelEmphasis,0.14576119863891784
exponential_gldm_LargeDependenceHighGrayLevelEmphasis,0.14573621269800074
original_glrlm_RunLengthNonUniformityNormalized,0.14572401561664614
wavelet-HHH_firstorder_InterquartileRange,0.14570730519089944
wavelet-LHH_glcm_Imc2,0.14564558169180455
wavelet-HHL_glrlm_RunLengthNonUniformityNormalized,0.14563046158871712
wavelet-LHL_gldm_HighGrayLevelEmphasis,0.14558895180518527
wavelet-LHL_glrlm_HighGrayLevelRunEmphasis,0.14554662608483995
gradient_firstorder_Variance,0.1453481364636014
square_glcm_SumEntropy,0.14525954584687983
gradient_gldm_GrayLevelVariance,0.14523668501780726
square_gldm_HighGrayLevelEmphasis,0.14517795778235906
wavelet-HHL_firstorder_RootMeanSquared,0.14516693677968528
wavelet-LHL_glszm_HighGrayLevelZoneEmphasis,0.14507419037537903
squareroot_gldm_LargeDependenceHighGrayLevelEmphasis,0.14501210126518288
wavelet-HLH_glszm_SmallAreaLowGrayLevelEmphasis,0.14495475904631686
wavelet-HHH_firstorder_Skewness,0.14477846796740745
wavelet-HLL_glcm_Idm,0.14467225633911626
wavelet-HLL_firstorder_RobustMeanAbsoluteDeviation,0.1446495286220332
wavelet-LHL_glrlm_ShortRunHighGrayLevelEmphasis,0.1444835904202239
wavelet-LHL_glrlm_GrayLevelNonUniformity,0.14441127326180858
wavelet-LLL_glcm_MCC,0.14431269565252489
wavelet-HLL_glcm_Id,0.14416883352306967
lbp-2D_glszm_LargeAreaEmphasis,0.14370351728545327
lbp-2D_glszm_LargeAreaHighGrayLevelEmphasis,0.14370351728545327
lbp-2D_glszm_LargeAreaLowGrayLevelEmphasis,0.14370351728545327
lbp-3D-m1_glszm_LargeAreaEmphasis,0.14370351728545327
lbp-3D-m1_glszm_LargeAreaHighGrayLevelEmphasis,0.14370351728545327
lbp-3D-m1_glszm_LargeAreaLowGrayLevelEmphasis,0.14370351728545327
lbp-3D-m2_glszm_LargeAreaEmphasis,0.14370351728545327
lbp-3D-m2_glszm_LargeAreaHighGrayLevelEmphasis,0.14370351728545327
lbp-3D-m2_glszm_LargeAreaLowGrayLevelEmphasis,0.14370351728545327
lbp-3D-k_glszm_SmallAreaLowGrayLevelEmphasis,0.14369717733184986
wavelet-HHL_glcm_Id,0.14362134406814567
wavelet-LLH_glcm_Idm,0.14359652231238268
wavelet-HHL_glcm_Idm,0.1435872431293088
gradient_gldm_LargeDependenceLowGrayLevelEmphasis,0.1434412104212602
original_glrlm_HighGrayLevelRunEmphasis,0.1433780112924952
wavelet-LHH_glszm_LowGrayLevelZoneEmphasis,0.1432132148603596
wavelet-HLL_glrlm_RunEntropy,0.14320699666547831
logarithm_glszm_LargeAreaHighGrayLevelEmphasis,0.1431143385291497
wavelet-HLL_firstorder_InterquartileRange,0.14303979636137656
original_glcm_Autocorrelation,0.14297062399385657
wavelet-LHL_glszm_SizeZoneNonUniformityNormalized,0.14290865268896347
wavelet-LHL_glcm_Idm,0.14288434483411608
lbp-3D-k_ngtdm_Coarseness,0.14287675982685008
wavelet-LLH_firstorder_10Percentile,0.1428698181898421
gradient_glszm_GrayLevelVariance,0.1428467492763751
lbp-3D-k_ngtdm_Strength,0.1427293301426091
square_firstorder_90Percentile,0.14271460696524202
square_glcm_JointEntropy,0.1426227228867922
wavelet-LHL_glszm_SmallAreaHighGrayLevelEmphasis,0.14257772898359405
wavelet-HHH_glcm_JointAverage,0.14254703851904535
wavelet-HHH_glcm_SumAverage,0.14254703851904524
logarithm_gldm_LargeDependenceLowGrayLevelEmphasis,0.1424088353907699
exponential_firstorder_RootMeanSquared,0.14238863227053275
original_firstorder_InterquartileRange,0.14226583980530347
wavelet-LLH_glrlm_GrayLevelVariance,0.14223973700291453
wavelet-HLH_glcm_Idmn,0.1422351809771723
logarithm_gldm_LowGrayLevelEmphasis,0.14216441627118573
square_firstorder_RootMeanSquared,0.14198762689366953
logarithm_ngtdm_Busyness,0.1418222775709102
wavelet-HLL_firstorder_Energy,0.14168036486716867
gradient_glcm_DifferenceVariance,0.14135243870757033
original_firstorder_10Percentile,0.14130233578135404
wavelet-LHL_glcm_JointAverage,0.14107032276334328
wavelet-LHL_glcm_SumAverage,0.14107032276333786
wavelet-HHH_ngtdm_Strength,0.14098546688434135
wavelet-LLH_glszm_SizeZoneNonUniformity,0.1408650414237954
wavelet-LHL_glrlm_LongRunHighGrayLevelEmphasis,0.1407266315933728
square_ngtdm_Busyness,0.14069287508338232
exponential_gldm_DependenceVariance,0.1406682619312776
wavelet-LLH_glszm_GrayLevelNonUniformityNormalized,0.14065050164773596
gradient_gldm_DependenceEntropy,0.14064168370331928
lbp-2D_gldm_DependenceVariance,0.14061303222205135
lbp-3D-m1_gldm_DependenceVariance,0.14061303222205135
lbp-3D-m2_gldm_DependenceVariance,0.14061303222205135
gradient_glrlm_RunVariance,0.1405426922184951
wavelet-LLH_firstorder_Variance,0.14034658260718483
wavelet-LLH_gldm_GrayLevelVariance,0.14033978839873743
wavelet-HLL_glszm_SizeZoneNonUniformity,0.14030420783309241
logarithm_gldm_DependenceVariance,0.14027735412340261
logarithm_glrlm_LowGrayLevelRunEmphasis,0.1401603057924098
logarithm_firstorder_TotalEnergy,0.14012461956218575
square_firstorder_RobustMeanAbsoluteDeviation,0.14011030555223608
wavelet-HHH_firstorder_Minimum,0.13978831437348258
wavelet-LLL_glrlm_RunEntropy,0.13964499192615343
original_glszm_SizeZoneNonUniformity,0.1396345370149738
original_glcm_Idm,0.13962629349639177
gradient_glcm_ClusterTendency,0.13955717362881825
square_glrlm_GrayLevelVariance,0.13951561625234493
wavelet-LLH_glcm_Imc2,0.13944909113254395
exponential_glszm_SmallAreaLowGrayLevelEmphasis,0.13942435448750487
wavelet-LLH_gldm_GrayLevelNonUniformity,0.13936047183456318
gradient_firstorder_RobustMeanAbsoluteDeviation,0.1392330198368639
wavelet-HHL_glcm_DifferenceAverage,0.1390631837042974
wavelet-HHL_firstorder_MeanAbsoluteDeviation,0.13903802747952104
wavelet-HLH_glcm_Contrast,0.13903050884675971
squareroot_firstorder_RootMeanSquared,0.13875826920461629
wavelet-LHL_firstorder_Uniformity,0.13870077189402247
wavelet-HLL_glrlm_GrayLevelNonUniformityNormalized,0.13847237196392384
lbp-3D-k_glrlm_ShortRunHighGrayLevelEmphasis,0.13840035741539625
wavelet-HLL_glcm_InverseVariance,0.13830355745556616
original_gldm_HighGrayLevelEmphasis,0.13824035824417016
wavelet-HHL_glcm_JointEnergy,0.13812019609420734
wavelet-HHL_firstorder_90Percentile,0.13811206122384267
wavelet-LHL_glcm_InverseVariance,0.13799938032448086
logarithm_glszm_HighGrayLevelZoneEmphasis,0.13783829018320604
logarithm_glrlm_ShortRunLowGrayLevelEmphasis,0.13783538459109748
square_firstorder_MeanAbsoluteDeviation,0.1377132218021209
square_firstorder_InterquartileRange,0.13768212678915434
wavelet-HHL_gldm_SmallDependenceEmphasis,0.13758103042156256
wavelet-HLH_glcm_SumSquares,0.13753822259047938
wavelet-HHH_firstorder_Maximum,0.13750670112608449
gradient_glrlm_LongRunEmphasis,0.13745388038582482
wavelet-LLH_ngtdm_Contrast,0.13740657446356797
wavelet-HLH_firstorder_Variance,0.1373057459478071
original_glszm_GrayLevelVariance,0.13730132573688603
wavelet-HLH_gldm_DependenceNonUniformityNormalized,0.13729762452032276
wavelet-HLL_glcm_Imc1,0.137277052900561
wavelet-HLH_gldm_GrayLevelVariance,0.13726619915157598
wavelet-LLL_ngtdm_Busyness,0.1371312027948831
wavelet-HLH_glrlm_GrayLevelVariance,0.13705806065562426
square_glszm_GrayLevelNonUniformityNormalized,0.13701522979050337
lbp-2D_firstorder_MeanAbsoluteDeviation,0.1368900857620909
squareroot_firstorder_Energy,0.1368852789172538
wavelet-HHL_firstorder_Kurtosis,0.13687913709853772
lbp-2D_firstorder_InterquartileRange,0.13671278919457222
wavelet-HHH_glszm_ZonePercentage,0.13666533350056986
squareroot_glrlm_LongRunHighGrayLevelEmphasis,0.13665449528532084
wavelet-HLH_glcm_ClusterTendency,0.13662486736015483
wavelet-LLH_glcm_Id,0.13657042166392672
exponential_firstorder_10Percentile,0.13650354539243617
wavelet-LLL_gldm_DependenceNonUniformity,0.1363803429191391
gradient_glcm_SumSquares,0.13636976356818564
wavelet-HLL_gldm_DependenceNonUniformityNormalized,0.13636249573586529
logarithm_glcm_JointEnergy,0.13632916605529735
wavelet-HLL_gldm_SmallDependenceLowGrayLevelEmphasis,0.13631058557272974
wavelet-HHH_firstorder_Kurtosis,0.1363082697219172
wavelet-LHL_glcm_Id,0.1361303514472052
wavelet-LHL_glszm_ZonePercentage,0.13609621430990254
gradient_glszm_LargeAreaLowGrayLevelEmphasis,0.1360046443860559
lbp-3D-k_glcm_Imc2,0.13595719195616857
gradient_firstorder_InterquartileRange,0.13593059444155367
wavelet-LLH_firstorder_RootMeanSquared,0.1359096459306897
logarithm_glcm_MaximumProbability,0.1358857073942665
lbp-2D_glrlm_RunEntropy,0.13571519790820943
lbp-3D-m1_glrlm_RunEntropy,0.13571519790820943
lbp-3D-m2_glrlm_RunEntropy,0.13571519790820943
wavelet-LHL_glrlm_GrayLevelNonUniformityNormalized,0.13569052092209138
gradient_gldm_LargeDependenceEmphasis,0.13547449822333096
wavelet-LLL_gldm_LargeDependenceHighGrayLevelEmphasis,0.13527308889143388
squareroot_glcm_MaximumProbability,0.13525951727413205
square_glszm_LargeAreaEmphasis,0.13523207062487147
square_glszm_ZoneVariance,0.13522921060745485
logarithm_firstorder_10Percentile,0.13520088603110136
wavelet-HLH_firstorder_Energy,0.13512208125650682
lbp-3D-k_glszm_SizeZoneNonUniformityNormalized,0.13504094461331514
gradient_firstorder_Skewness,0.13490820094322464
wavelet-HHL_glszm_LargeAreaHighGrayLevelEmphasis,0.13490600662164154
wavelet-HHL_glcm_MaximumProbability,0.13487999082704907
wavelet-HLH_glcm_DifferenceVariance,0.13487731979383452
exponential_glrlm_RunEntropy,0.13487367935859154
wavelet-HHH_glcm_Idmn,0.1348399526478614
wavelet-HLH_firstorder_TotalEnergy,0.13477534586719117
wavelet-HHH_glszm_SmallAreaHighGrayLevelEmphasis,0.13471302714582897
square_glszm_LargeAreaLowGrayLevelEmphasis,0.13471113105074886
logarithm_glrlm_ShortRunHighGrayLevelEmphasis,0.13470515528337038
wavelet-HHH_firstorder_Range,0.1346964055068092
wavelet-LLH_firstorder_TotalEnergy,0.1346752609049713
wavelet-HHL_firstorder_10Percentile,0.13465895974039918
squareroot_gldm_LargeDependenceEmphasis,0.13463094481028887
wavelet-HHH_glrlm_LongRunHighGrayLevelEmphasis,0.1345045008164886
wavelet-HHH_glszm_HighGrayLevelZoneEmphasis,0.13445735499794437
wavelet-HLH_glszm_ZoneEntropy,0.13444059629645347
wavelet-LHH_glrlm_ShortRunLowGrayLevelEmphasis,0.13404775367696234
squareroot_glszm_LargeAreaEmphasis,0.1340192411080477
lbp-3D-k_glcm_MCC,0.13396541652780142
squareroot_glszm_ZoneVariance,0.13372236698085582
wavelet-HHL_glcm_DifferenceVariance,0.13351960989509185
wavelet-HHL_firstorder_RobustMeanAbsoluteDeviation,0.13347962835373664
wavelet-LHL_glszm_SizeZoneNonUniformity,0.1334644996939284
gradient_glcm_Contrast,0.13336833568753537
wavelet-HHL_firstorder_Skewness,0.13320534238201023
wavelet-HLL_glcm_Correlation,0.1331197079024275
wavelet-HHL_glrlm_ShortRunLowGrayLevelEmphasis,0.13311053787927035
wavelet-HHH_glrlm_ShortRunHighGrayLevelEmphasis,0.13306930322375007
wavelet-HHH_glcm_InverseVariance,0.13299947215596758
wavelet-HHL_glszm_ZonePercentage,0.13297340296404705
wavelet-LLL_firstorder_Minimum,0.13266080554440565
logarithm_glrlm_HighGrayLevelRunEmphasis,0.1326337121417298
wavelet-HHH_glrlm_HighGrayLevelRunEmphasis,0.13239953062812443
square_glszm_GrayLevelNonUniformity,0.13238250585262767
lbp-3D-m1_firstorder_Skewness,0.13235513238869984
wavelet-LLL_glszm_SizeZoneNonUniformity,0.13232270460086876
square_glcm_SumSquares,0.13231490122381742
wavelet-HHH_gldm_HighGrayLevelEmphasis,0.1322594080866114
wavelet-LHL_gldm_SmallDependenceEmphasis,0.13221823103007072
logarithm_gldm_DependenceEntropy,0.13216751574856037
wavelet-LHH_glcm_Contrast,0.13193882823721245
wavelet-HHL_firstorder_InterquartileRange,0.13168619012683674
wavelet-HLL_firstorder_Skewness,0.13165814050244665
gradient_glszm_GrayLevelNonUniformityNormalized,0.13164819294398653
original_glcm_SumAverage,0.13162772944358891
original_glcm_JointAverage,0.13162772944358775
wavelet-LHH_glcm_Imc1,0.13156079331011183
wavelet-LLH_glcm_JointEnergy,0.13153151671816288
logarithm_gldm_HighGrayLevelEmphasis,0.131425084953808
wavelet-HHH_glcm_Autocorrelation,0.1313975805598867
square_glcm_DifferenceVariance,0.13134441400182736
lbp-3D-k_glcm_Imc1,0.13121216546212
wavelet-HHL_glrlm_GrayLevelVariance,0.13118549230235485
original_firstorder_Skewness,0.13095569434621257
squareroot_glcm_ClusterShade,0.1309283116689574
gradient_firstorder_90Percentile,0.1308552001118419
original_gldm_DependenceNonUniformity,0.1306615723005339
wavelet-HLL_glcm_JointEntropy,0.13040160975587414
wavelet-LLH_ngtdm_Complexity,0.13035301367506422
wavelet-HLL_glcm_SumEntropy,0.13027259571106523
original_firstorder_Mean,0.130171259157075
wavelet-HHL_firstorder_TotalEnergy,0.13015363440580455
wavelet-LLL_ngtdm_Complexity,0.13009929780057564
original_glcm_DifferenceVariance,0.13006753265570428
wavelet-LLH_firstorder_Maximum,0.13005784870627046
original_glrlm_LongRunHighGrayLevelEmphasis,0.1300565312676266
lbp-3D-m2_firstorder_InterquartileRange,0.12955341210828322
wavelet-LHH_ngtdm_Strength,0.12944426547454158
square_glszm_ZonePercentage,0.12941102030010987
original_glcm_SumSquares,0.1293970450592808
wavelet-HHL_gldm_GrayLevelVariance,0.12929785866796284
wavelet-HHH_glrlm_GrayLevelVariance,0.1292755642748117
wavelet-HHL_firstorder_Variance,0.1292381073630134
gradient_glcm_SumEntropy,0.12903346073357536
wavelet-HLH_glszm_SizeZoneNonUniformity,0.12900478753206085
wavelet-HLH_glcm_ClusterShade,0.12891702446890155
wavelet-LLH_glcm_DifferenceVariance,0.1287206725591884
wavelet-LHL_gldm_DependenceNonUniformityNormalized,0.1285785797152347
wavelet-LLL_firstorder_Mean,0.12855811917088203
wavelet-LLH_glcm_Idmn,0.12847963493703143
wavelet-LLL_firstorder_RootMeanSquared,0.1284456666890203
wavelet-LHH_ngtdm_Contrast,0.12843539623969558
original_ngtdm_Busyness,0.12842105533357503
wavelet-HLL_firstorder_90Percentile,0.12839373476141427
logarithm_firstorder_Median,0.1282539833248825
logarithm_glrlm_GrayLevelNonUniformity,0.12817961917053247
gradient_gldm_SmallDependenceHighGrayLevelEmphasis,0.12808456196731677
wavelet-LLL_glszm_LargeAreaLowGrayLevelEmphasis,0.1280744962746953
wavelet-LHH_glszm_GrayLevelVariance,0.12800109241107943
squareroot_firstorder_RobustMeanAbsoluteDeviation,0.12793329643630655
logarithm_glrlm_LongRunHighGrayLevelEmphasis,0.12788622509543077
wavelet-LHH_glcm_SumSquares,0.1276167535872513
wavelet-LLL_gldm_LargeDependenceEmphasis,0.1275170756973632
original_firstorder_RobustMeanAbsoluteDeviation,0.12739168466720016
original_glcm_Id,0.12733698692524462
wavelet-HHL_glcm_ClusterTendency,0.12732362109255377
wavelet-LLH_firstorder_Range,0.12729942089008656
wavelet-HHH_gldm_SmallDependenceHighGrayLevelEmphasis,0.12715111597701947
wavelet-LLH_glcm_ClusterTendency,0.126913212852014
square_glcm_Contrast,0.12685511538814723
wavelet-LHH_glcm_MCC,0.1267621547394788
wavelet-LLH_glrlm_GrayLevelNonUniformity,0.12676095209777027
wavelet-HHH_firstorder_Variance,0.12654973431607447
wavelet-HHH_glcm_DifferenceVariance,0.12652893971270734
wavelet-HHL_glcm_Contrast,0.12649231488055773
wavelet-HHL_glcm_SumSquares,0.12645317367532966
wavelet-HHH_gldm_GrayLevelVariance,0.12626749625576097
wavelet-LHL_glcm_Correlation,0.12623775010759047
logarithm_firstorder_InterquartileRange,0.12621502654397596
wavelet-HLH_glcm_Idn,0.1261671855709246
square_firstorder_TotalEnergy,0.12607166548496804
wavelet-HHL_glcm_ClusterProminence,0.1259554616143672
wavelet-HLH_gldm_SmallDependenceHighGrayLevelEmphasis,0.12593301359384265
gradient_glcm_ClusterProminence,0.12587415421748316
wavelet-LLL_glszm_ZoneVariance,0.12584779241281527
square_firstorder_Median,0.12584716607103033
wavelet-LLL_glszm_LargeAreaEmphasis,0.12580505833886513
wavelet-HHH_glcm_Contrast,0.12551933510794946
square_glcm_DifferenceEntropy,0.1255094767564062
wavelet-HHH_glcm_SumSquares,0.12549109582362242
lbp-3D-m2_firstorder_RobustMeanAbsoluteDeviation,0.12537324019162288
wavelet-HHH_glcm_ClusterTendency,0.125309017998214
wavelet-LLL_firstorder_Skewness,0.12530064010969202
wavelet-HHL_gldm_DependenceVariance,0.12511400586742322
original_glcm_Idn,0.12508872830531412
gradient_glrlm_LongRunLowGrayLevelEmphasis,0.12501863344489397
wavelet-HHL_glszm_ZoneEntropy,0.12500742554621078
original_glcm_JointEntropy,0.12481862026202319
gradient_gldm_DependenceNonUniformity,0.1247841107610461
square_glcm_Id,0.12467896499052972
lbp-3D-k_firstorder_10Percentile,0.12461793206779258
logarithm_ngtdm_Coarseness,0.12448648219565606
wavelet-HLH_ngtdm_Complexity,0.12429669511302789
original_shape_Maximum3DDiameter,0.1241714190708577
wavelet-LLH_firstorder_Mean,0.1241228806494464
square_glcm_Idm,0.12407417232366728
squareroot_gldm_LargeDependenceLowGrayLevelEmphasis,0.12407167800951942
exponential_glrlm_ShortRunLowGrayLevelEmphasis,0.1239986695219186
lbp-2D_glrlm_ShortRunEmphasis,0.12399841881144248
lbp-2D_glrlm_ShortRunHighGrayLevelEmphasis,0.12399841881144248
lbp-2D_glrlm_ShortRunLowGrayLevelEmphasis,0.12399841881144248
lbp-3D-m1_glrlm_ShortRunEmphasis,0.12399841881144248
lbp-3D-m1_glrlm_ShortRunHighGrayLevelEmphasis,0.12399841881144248
lbp-3D-m1_glrlm_ShortRunLowGrayLevelEmphasis,0.12399841881144248
lbp-3D-m2_glrlm_ShortRunEmphasis,0.12399841881144248
lbp-3D-m2_glrlm_ShortRunHighGrayLevelEmphasis,0.12399841881144248
lbp-3D-m2_glrlm_ShortRunLowGrayLevelEmphasis,0.12399841881144248
original_shape_Maximum2DDiameterRow,0.12389192628046011
wavelet-LHH_firstorder_Variance,0.12386674185955145
wavelet-LHH_glszm_SmallAreaLowGrayLevelEmphasis,0.12382660905066178
wavelet-HHL_glszm_SizeZoneNonUniformity,0.12379460698137208
squareroot_firstorder_Median,0.12370358957106567
wavelet-LHH_gldm_GrayLevelVariance,0.12368312562359957
logarithm_gldm_GrayLevelNonUniformity,0.12366395439124286
wavelet-HHL_firstorder_Mean,0.12360989999261585
wavelet-HHH_firstorder_Mean,0.12354169251794965
exponential_glrlm_ShortRunEmphasis,0.12353555530028783
wavelet-HLL_glcm_ClusterShade,0.12348856009373005
gradient_glcm_MaximumProbability,0.12348090382847028
squareroot_glszm_GrayLevelVariance,0.12343476558679367
wavelet-HHL_firstorder_Energy,0.12342996532081196
wavelet-HHL_gldm_LargeDependenceHighGrayLevelEmphasis,0.12337354632487062
wavelet-LHH_glrlm_GrayLevelVariance,0.1233594241970291
wavelet-LHL_gldm_SmallDependenceHighGrayLevelEmphasis,0.12329862829792988
square_glrlm_HighGrayLevelRunEmphasis,0.1232363700438217
square_gldm_DependenceVariance,0.12310465295254969
wavelet-LHH_glcm_ClusterTendency,0.12307899822904848
wavelet-LLH_glcm_SumSquares,0.12303340196620398
lbp-3D-k_glcm_Correlation,0.1228724551916416
gradient_firstorder_TotalEnergy,0.12286437433395092
wavelet-HLH_glcm_ClusterProminence,0.12282810847434403
lbp-3D-m2_firstorder_Variance,0.12279724182968675
square_firstorder_Energy,0.12272115405991
original_glszm_GrayLevelNonUniformityNormalized,0.12252424677618853
wavelet-LLL_glcm_SumAverage,0.12248989763359956
wavelet-LLL_glcm_JointAverage,0.12248989763358344
wavelet-LLH_glcm_DifferenceEntropy,0.12233467151844088
lbp-3D-m2_firstorder_MeanAbsoluteDeviation,0.12227688478518248
logarithm_glcm_JointEntropy,0.12219364248270147
square_firstorder_Variance,0.12215222889192578
exponential_glrlm_RunLengthNonUniformity,0.1220939511086373
lbp-2D_glrlm_RunLengthNonUniformity,0.12209288740758106
lbp-3D-m1_glrlm_RunLengthNonUniformity,0.12209288740758106
lbp-3D-m2_glrlm_RunLengthNonUniformity,0.12209288740758106
wavelet-HHH_gldm_SmallDependenceLowGrayLevelEmphasis,0.121904470663286
wavelet-HHL_glrlm_LowGrayLevelRunEmphasis,0.12178285377740766
squareroot_glrlm_LongRunLowGrayLevelEmphasis,0.12162858537654742
wavelet-LLH_glszm_LargeAreaHighGrayLevelEmphasis,0.12152628319120685
gradient_gldm_HighGrayLevelEmphasis,0.12143373344576264
wavelet-HHH_firstorder_TotalEnergy,0.12138480596928483
wavelet-LLH_gldm_DependenceNonUniformity,0.12136845291364996
wavelet-HHL_gldm_LowGrayLevelEmphasis,0.12136552530197861
wavelet-LLL_firstorder_Kurtosis,0.12126097160086736
wavelet-LLH_glcm_Contrast,0.12116734366430021
square_gldm_GrayLevelVariance,0.12114820346927906
exponential_glszm_ZoneVariance,0.12108960593190699
gradient_glrlm_ShortRunHighGrayLevelEmphasis,0.12102148742321689
wavelet-LLH_glcm_ClusterShade,0.12101104389944024
original_gldm_GrayLevelNonUniformity,0.12100563350867423
gradient_glcm_DifferenceAverage,0.12091232552603699
lbp-3D-m1_firstorder_Variance,0.12081116852443212
square_glrlm_ShortRunHighGrayLevelEmphasis,0.12080654319766326
exponential_glrlm_GrayLevelNonUniformity,0.12077869911306079
original_gldm_LargeDependenceLowGrayLevelEmphasis,0.12077821728184213
lbp-2D_glrlm_GrayLevelNonUniformity,0.12070594676396441
lbp-3D-m1_glrlm_GrayLevelNonUniformity,0.12070594676396441
lbp-3D-m2_glrlm_GrayLevelNonUniformity,0.12070594676396441
wavelet-LLH_gldm_SmallDependenceEmphasis,0.12069241790311425
logarithm_gldm_LargeDependenceHighGrayLevelEmphasis,0.12066789472734417
wavelet-LHH_glszm_SizeZoneNonUniformity,0.12064330503103728
wavelet-LLL_glszm_GrayLevelVariance,0.12060672186728322
original_glrlm_LongRunLowGrayLevelEmphasis,0.1203916045824179
gradient_glszm_LargeAreaEmphasis,0.12036974154789194
gradient_glszm_ZoneVariance,0.1203614869797
wavelet-LLH_gldm_DependenceEntropy,0.12034860172969086
wavelet-LHL_glcm_DifferenceEntropy,0.12026908075219359
exponential_glrlm_LongRunLowGrayLevelEmphasis,0.12025986625702027
exponential_glrlm_LongRunEmphasis,0.12025954102930926
lbp-2D_glrlm_LongRunEmphasis,0.12017126308869745
lbp-2D_glrlm_LongRunHighGrayLevelEmphasis,0.12017126308869745
lbp-2D_glrlm_LongRunLowGrayLevelEmphasis,0.12017126308869745
lbp-3D-m1_glrlm_LongRunEmphasis,0.12017126308869745
lbp-3D-m1_glrlm_LongRunHighGrayLevelEmphasis,0.12017126308869745
lbp-3D-m1_glrlm_LongRunLowGrayLevelEmphasis,0.12017126308869745
lbp-3D-m2_glrlm_LongRunEmphasis,0.12017126308869745
lbp-3D-m2_glrlm_LongRunHighGrayLevelEmphasis,0.12017126308869745
lbp-3D-m2_glrlm_LongRunLowGrayLevelEmphasis,0.12017126308869745
exponential_glrlm_LongRunHighGrayLevelEmphasis,0.12016947534272751
gradient_glrlm_HighGrayLevelRunEmphasis,0.12014327588121593
wavelet-LHH_firstorder_Range,0.12001772442105973
lbp-3D-m1_firstorder_RobustMeanAbsoluteDeviation,0.1196580461401514
square_glcm_Idn,0.11956758316343562
gradient_firstorder_Entropy,0.11948517366169853
lbp-2D_firstorder_RootMeanSquared,0.11946168649949479
gradient_firstorder_RootMeanSquared,0.11934012312939381
wavelet-LLH_glcm_InverseVariance,0.11933252678477226
wavelet-HHL_glcm_Correlation,0.11916895261705754
lbp-3D-k_gldm_GrayLevelNonUniformity,0.11914761702165211
original_glcm_ClusterTendency,0.11905807913851661
wavelet-LLH_glszm_SmallAreaHighGrayLevelEmphasis,0.11891287517443457
original_firstorder_MeanAbsoluteDeviation,0.1188532286472958
lbp-3D-k_firstorder_Energy,0.11879675187550336
squareroot_glcm_SumEntropy,0.11877773254897879
exponential_firstorder_Median,0.11863585701383178
wavelet-HHH_glszm_SizeZoneNonUniformity,0.1183899050919169
wavelet-LLL_glszm_LargeAreaHighGrayLevelEmphasis,0.11824017661358224
exponential_glszm_SmallAreaEmphasis,0.11818861668639667
wavelet-LHL_glszm_GrayLevelNonUniformityNormalized,0.11798569429163773
gradient_glszm_SizeZoneNonUniformity,0.1178906436019051
original_firstorder_Kurtosis,0.11784584413870139
wavelet-LLL_glrlm_RunVariance,0.11783364688990598
wavelet-HHL_glszm_LowGrayLevelZoneEmphasis,0.11781708711684365
square_gldm_LargeDependenceLowGrayLevelEmphasis,0.11776684474835533
squareroot_gldm_DependenceVariance,0.11749242931989655
wavelet-HLL_glszm_GrayLevelNonUniformity,0.11748066634107159
logarithm_glcm_Autocorrelation,0.11747176223608972
wavelet-HHL_glrlm_LongRunLowGrayLevelEmphasis,0.11737876724265804
wavelet-LLH_glcm_Imc1,0.11731308240429257
wavelet-LLL_glrlm_ShortRunHighGrayLevelEmphasis,0.11727206051059523
lbp-2D_firstorder_RobustMeanAbsoluteDeviation,0.11724018371917269
squareroot_gldm_LowGrayLevelEmphasis,0.11721417261622673
gradient_glcm_DifferenceEntropy,0.11681740412049794
wavelet-LLL_glcm_SumEntropy,0.11673951733174971
square_glcm_ClusterTendency,0.11672205322905285
gradient_glszm_GrayLevelNonUniformity,0.11669335450346414
original_firstorder_Median,0.11654323153615825
wavelet-HLL_gldm_DependenceNonUniformity,0.11639505486901718
wavelet-LLL_glcm_MaximumProbability,0.11629233378050768
original_firstorder_RootMeanSquared,0.11627707259322445
exponential_glszm_ZoneEntropy,0.11608059893841188
square_glcm_DifferenceAverage,0.11606800203864905
wavelet-LLH_gldm_DependenceNonUniformityNormalized,0.11599877000511213
gradient_glrlm_RunEntropy,0.11594851493954597
wavelet-LHH_firstorder_Minimum,0.11593864341777976
wavelet-LHH_firstorder_Skewness,0.11592805891253254
squareroot_firstorder_Minimum,0.11592797690207253
lbp-3D-m1_firstorder_MeanAbsoluteDeviation,0.11574947328491207
wavelet-HHH_glcm_Idn,0.11572647948199258
wavelet-LHL_gldm_LargeDependenceLowGrayLevelEmphasis,0.11571669583121773
wavelet-LLL_glcm_SumSquares,0.11552794989277806
wavelet-HHH_gldm_DependenceNonUniformity,0.11549767692368774
wavelet-LHH_glcm_DifferenceVariance,0.11548755398844389
squareroot_glszm_GrayLevelNonUniformityNormalized,0.11547854229562797
gradient_glrlm_LongRunHighGrayLevelEmphasis,0.11521366746057216
wavelet-LLH_gldm_SmallDependenceHighGrayLevelEmphasis,0.11513772792034509
wavelet-LHL_ngtdm_Contrast,0.11502817184971845
squareroot_firstorder_InterquartileRange,0.11498012360701203
wavelet-LLH_firstorder_MeanAbsoluteDeviation,0.11460799131059515
original_glszm_GrayLevelNonUniformity,0.11460208987317425
gradient_glrlm_RunPercentage,0.11445416908448469
original_gldm_LowGrayLevelEmphasis,0.11443868611121265
gradient_glcm_Autocorrelation,0.11439649316755067
wavelet-LHL_ngtdm_Complexity,0.11436045208957706
original_firstorder_Variance,0.11428322305671465
original_gldm_GrayLevelVariance,0.11415509335557841
square_gldm_SmallDependenceHighGrayLevelEmphasis,0.11408876054132333
gradient_ngtdm_Busyness,0.11384918808918232
square_glrlm_RunPercentage,0.11362379132196022
original_shape_SurfaceArea,0.11359047473635937
exponential_glrlm_ShortRunHighGrayLevelEmphasis,0.11354375405767483
squareroot_firstorder_MeanAbsoluteDeviation,0.1134907673477273
squareroot_firstorder_Variance,0.1133182615721099
squareroot_gldm_GrayLevelVariance,0.11331330650590654
squareroot_glrlm_GrayLevelVariance,0.11328509911020233
original_glrlm_GrayLevelVariance,0.11321545368636934
wavelet-LHL_firstorder_Entropy,0.11307849333331393
wavelet-HLL_gldm_DependenceEntropy,0.11306222694639934
wavelet-HLL_glcm_Idmn,0.11298777046537904
squareroot_glrlm_LowGrayLevelRunEmphasis,0.11288104246370291
squareroot_glrlm_RunEntropy,0.11282524479467236
wavelet-LHL_glcm_JointEntropy,0.11279050681284834
square_gldm_LargeDependenceEmphasis,0.11275323888489035
wavelet-LLH_glszm_ZonePercentage,0.11275205898889974
wavelet-LHL_firstorder_Energy,0.11267522156986814
wavelet-HHL_gldm_LargeDependenceLowGrayLevelEmphasis,0.11263617732025653
exponential_glszm_SizeZoneNonUniformityNormalized,0.11260791491724391
wavelet-HHL_gldm_DependenceNonUniformityNormalized,0.11249954646140532
wavelet-HHH_ngtdm_Complexity,0.11224128479021213
wavelet-LLH_glcm_DifferenceAverage,0.11219554955245828
wavelet-LHH_gldm_DependenceNonUniformity,0.11210313591774665
wavelet-LLL_glcm_ClusterTendency,0.11209893975911533
wavelet-LLL_firstorder_InterquartileRange,0.11144476016704952
wavelet-HHH_firstorder_Median,0.11144056522838452
square_gldm_SmallDependenceEmphasis,0.11141421832866473
wavelet-LHL_gldm_DependenceNonUniformity,0.11140278399985143
wavelet-LHH_glcm_SumAverage,0.11139211228074422
wavelet-LHH_glcm_JointAverage,0.11139211228074303
logarithm_glrlm_GrayLevelVariance,0.11130831503350963
wavelet-LLL_glszm_GrayLevelNonUniformity,0.11127272561625812
gradient_firstorder_Energy,0.11120852350983207
lbp-3D-m1_firstorder_Kurtosis,0.11103638942780746
original_firstorder_Minimum,0.11095374682777326
logarithm_gldm_GrayLevelVariance,0.11090837818558442
logarithm_firstorder_Variance,0.11086289279025639
original_glrlm_LowGrayLevelRunEmphasis,0.11085663392370954
wavelet-HHH_firstorder_Energy,0.11070352861064522
lbp-3D-k_gldm_SmallDependenceHighGrayLevelEmphasis,0.11066054138845195
wavelet-LLL_glcm_Autocorrelation,0.11050762145737564
wavelet-LLH_glrlm_ShortRunHighGrayLevelEmphasis,0.11045741481316013
lbp-2D_firstorder_Skewness,0.11036334800550814
wavelet-LLL_glcm_DifferenceAverage,0.11019765636939872
exponential_firstorder_Minimum,0.11009061384003324
logarithm_glcm_SumSquares,0.10964474260326487
wavelet-LLH_glszm_HighGrayLevelZoneEmphasis,0.10960663460059959
original_glcm_SumEntropy,0.10951039731782586
wavelet-HLH_gldm_LargeDependenceHighGrayLevelEmphasis,0.10942210017684152
square_glszm_LargeAreaHighGrayLevelEmphasis,0.10940989985153934
lbp-3D-k_glszm_ZoneEntropy,0.10935189362697616
wavelet-HHH_glrlm_RunLengthNonUniformity,0.10928538715003619
square_gldm_LargeDependenceHighGrayLevelEmphasis,0.10915676354998204
original_gldm_DependenceNonUniformityNormalized,0.10898383852008546
square_glcm_ClusterShade,0.1089419585541748
wavelet-HHL_glszm_SmallAreaLowGrayLevelEmphasis,0.10893545156525397
wavelet-LLH_firstorder_Median,0.10892797881361002
squareroot_glrlm_ShortRunLowGrayLevelEmphasis,0.10886357254247132
lbp-3D-k_firstorder_TotalEnergy,0.10865020354323152
wavelet-LLH_firstorder_Minimum,0.10849480494037375
logarithm_glszm_GrayLevelNonUniformity,0.10847208042625746
wavelet-HLH_glrlm_RunLengthNonUniformity,0.10845613310049905
wavelet-LHH_ngtdm_Complexity,0.10829960940385465
wavelet-LHH_firstorder_Median,0.10811176173241148
lbp-3D-m2_firstorder_TotalEnergy,0.10797913889673474
wavelet-LLH_glrlm_HighGrayLevelRunEmphasis,0.10791112134850042
wavelet-LLH_gldm_HighGrayLevelEmphasis,0.10776647916271624
wavelet-LLH_gldm_LargeDependenceHighGrayLevelEmphasis,0.10764809668017436
squareroot_ngtdm_Busyness,0.10758403421721059
lbp-2D_firstorder_Kurtosis,0.10744350027280533
lbp-3D-k_firstorder_Skewness,0.1073161371962884
lbp-2D_glszm_ZoneEntropy,0.107241734951785
lbp-3D-m1_glszm_ZoneEntropy,0.107241734951785
lbp-3D-m2_glszm_ZoneEntropy,0.107241734951785
wavelet-LHL_firstorder_InterquartileRange,0.10699980626882548
wavelet-LLL_firstorder_Median,0.1068464082551633
lbp-2D_glszm_SmallAreaEmphasis,0.10678166842096304
lbp-2D_glszm_SmallAreaHighGrayLevelEmphasis,0.10678166842096304
lbp-2D_glszm_SmallAreaLowGrayLevelEmphasis,0.10678166842096304
lbp-3D-m1_glszm_SmallAreaEmphasis,0.10678166842096304
lbp-3D-m1_glszm_SmallAreaHighGrayLevelEmphasis,0.10678166842096304
lbp-3D-m1_glszm_SmallAreaLowGrayLevelEmphasis,0.10678166842096304
lbp-3D-m2_glszm_SmallAreaEmphasis,0.10678166842096304
lbp-3D-m2_glszm_SmallAreaHighGrayLevelEmphasis,0.10678166842096304
lbp-3D-m2_glszm_SmallAreaLowGrayLevelEmphasis,0.10678166842096304
wavelet-HHL_glrlm_RunLengthNonUniformity,0.10670435467638847
lbp-3D-m1_firstorder_InterquartileRange,0.10667003794141636
gradient_gldm_SmallDependenceEmphasis,0.10652967168589457
original_glrlm_ShortRunLowGrayLevelEmphasis,0.10639717714433944
original_glcm_InverseVariance,0.10633482361271146
wavelet-LHH_gldm_SmallDependenceLowGrayLevelEmphasis,0.10608987822109033
gradient_glszm_ZonePercentage,0.10594173912771479
wavelet-LHL_glszm_GrayLevelVariance,0.10580905384246536
squareroot_ngtdm_Strength,0.10577577777098814
wavelet-LLL_glrlm_HighGrayLevelRunEmphasis,0.1056996058799223
exponential_glcm_Correlation,0.10560297533473348
gradient_glrlm_GrayLevelNonUniformityNormalized,0.10560181931058268
squareroot_gldm_GrayLevelNonUniformity,0.10555220669700403
wavelet-LHL_glszm_ZoneEntropy,0.10548040827633447
logarithm_gldm_SmallDependenceLowGrayLevelEmphasis,0.10547212409461545
wavelet-LHH_firstorder_TotalEnergy,0.1053526850568205
wavelet-LLH_glcm_Idn,0.10532887539345978
logarithm_glszm_GrayLevelVariance,0.10519529352250027
wavelet-LHL_firstorder_10Percentile,0.10514582978923735
squareroot_glrlm_GrayLevelNonUniformity,0.1051317704223345
wavelet-LLH_glrlm_RunEntropy,0.1050494225275399
wavelet-HLL_gldm_LargeDependenceLowGrayLevelEmphasis,0.10501075030310071
gradient_firstorder_Median,0.10501072007524032
wavelet-LLL_gldm_HighGrayLevelEmphasis,0.10473141764265982
exponential_glrlm_RunVariance,0.1044829519619636
lbp-2D_glrlm_RunVariance,0.1044783056672199
lbp-3D-m1_glrlm_RunVariance,0.1044783056672199
lbp-3D-m2_glrlm_RunVariance,0.1044783056672199
wavelet-LLL_firstorder_Maximum,0.10447280243928833
wavelet-LLL_glrlm_LongRunHighGrayLevelEmphasis,0.10438888246026413
wavelet-LLH_firstorder_Entropy,0.10409575276723397
gradient_firstorder_Mean,0.10406644644036835
wavelet-HLH_gldm_SmallDependenceLowGrayLevelEmphasis,0.10389100624231436
gradient_firstorder_Uniformity,0.1038885874054527
wavelet-HHH_glszm_GrayLevelNonUniformity,0.10379861532589868
lbp-2D_firstorder_Mean,0.10374362825849331
lbp-3D-m1_firstorder_Mean,0.10352715697551708
lbp-3D-m1_firstorder_90Percentile,0.1034823542173475
gradient_firstorder_10Percentile,0.10341215492539037
wavelet-LHH_glszm_SmallAreaHighGrayLevelEmphasis,0.1033495708501037
wavelet-LHH_firstorder_Maximum,0.10331228288479188
lbp-2D_glszm_SizeZoneNonUniformityNormalized,0.10328237952107508
lbp-3D-m1_glszm_SizeZoneNonUniformityNormalized,0.10328237952107508
lbp-3D-m2_glszm_SizeZoneNonUniformityNormalized,0.10328237952107508
wavelet-HHL_glcm_ClusterShade,0.10327433786325035
original_ngtdm_Complexity,0.10314742625404472
lbp-2D_firstorder_TotalEnergy,0.10307035504886974
square_glrlm_LongRunHighGrayLevelEmphasis,0.10268759281719628
wavelet-LHL_glcm_SumEntropy,0.1026526255051704
wavelet-LHL_firstorder_RobustMeanAbsoluteDeviation,0.10260361260510946
lbp-3D-m2_firstorder_Energy,0.10257292084776888
wavelet-LLL_glszm_SizeZoneNonUniformityNormalized,0.10239864125391805
squareroot_glcm_SumSquares,0.10236077288604042
wavelet-LLL_glcm_JointEnergy,0.10235160225511786
wavelet-LLH_glcm_MCC,0.10222866343038743
square_glcm_Idmn,0.10221305087503149
squareroot_glcm_JointEntropy,0.10216470006293514
original_shape_MeshVolume,0.10212906556212917
gradient_gldm_LowGrayLevelEmphasis,0.10194023649487742
lbp-2D_firstorder_Median,0.10186894708237328
wavelet-LLL_glrlm_LongRunEmphasis,0.10174350205043466
logarithm_glrlm_RunLengthNonUniformity,0.10169620313506562
wavelet-LLL_glcm_ClusterShade,0.10167925543546295
squareroot_glcm_JointEnergy,0.10154875835321082
square_glszm_SizeZoneNonUniformity,0.10143100333249959
gradient_gldm_GrayLevelNonUniformity,0.10140202177101279
square_gldm_DependenceNonUniformity,0.10130073403253931
wavelet-LHH_glszm_ZoneEntropy,0.10120212920657447
lbp-3D-m1_firstorder_TotalEnergy,0.10115350655152149
square_gldm_DependenceEntropy,0.10105579822616105
wavelet-LHH_gldm_SmallDependenceHighGrayLevelEmphasis,0.10055932268920217
wavelet-LHL_firstorder_RootMeanSquared,0.10055635903214986
wavelet-LHH_glszm_HighGrayLevelZoneEmphasis,0.10051292401544183
squareroot_glszm_LargeAreaLowGrayLevelEmphasis,0.10046598872164161
original_glcm_Contrast,0.10024105788599351
original_glcm_ClusterProminence,0.10016637746276515
wavelet-LHH_glrlm_ShortRunHighGrayLevelEmphasis,0.10011207885409966
wavelet-LLH_glcm_Autocorrelation,0.10010972414846304
wavelet-LLL_firstorder_RobustMeanAbsoluteDeviation,0.10010955447264547
gradient_glszm_SmallAreaLowGrayLevelEmphasis,0.10002371111512338
wavelet-LLH_glszm_GrayLevelNonUniformity,0.09963744093018248
exponential_gldm_GrayLevelNonUniformity,0.09926831069537727
lbp-2D_gldm_GrayLevelNonUniformity,0.0992534691229784
lbp-3D-m1_gldm_GrayLevelNonUniformity,0.0992534691229784
lbp-3D-m2_gldm_GrayLevelNonUniformity,0.0992534691229784
wavelet-LLH_firstorder_RobustMeanAbsoluteDeviation,0.09908678584436978
wavelet-LHL_glcm_DifferenceAverage,0.09897728552833276
original_glrlm_GrayLevelNonUniformity,0.09873064487024316
gradient_glrlm_RunLengthNonUniformity,0.0986353666485029
wavelet-LLL_glszm_SmallAreaEmphasis,0.09847157403408177
wavelet-LHH_glcm_Autocorrelation,0.09837946965268733
wavelet-HHH_ngtdm_Contrast,0.09831350106158555
wavelet-LHH_glrlm_HighGrayLevelRunEmphasis,0.09821131861141881
wavelet-LLH_glrlm_LongRunHighGrayLevelEmphasis,0.09820110980992786
square_glrlm_GrayLevelNonUniformity,0.0981934740977259
wavelet-LHH_gldm_HighGrayLevelEmphasis,0.09809986965249877
wavelet-LHH_glcm_Idn,0.09809420898957295
wavelet-LLH_glcm_SumAverage,0.09774193992595549
wavelet-LLH_glcm_JointAverage,0.09774193992593334
wavelet-LLL_glrlm_GrayLevelVariance,0.0977317038441935
original_glrlm_RunLengthNonUniformity,0.09767114795265193
wavelet-LLH_firstorder_Uniformity,0.0976534203681082
exponential_firstorder_TotalEnergy,0.09741177857195048
wavelet-LLL_glrlm_RunLengthNonUniformity,0.09734877785724055
lbp-3D-k_firstorder_RootMeanSquared,0.09715209625751167
gradient_glszm_LowGrayLevelZoneEmphasis,0.0970513327098817
square_glcm_ClusterProminence,0.09689079296405768
wavelet-HLL_gldm_LargeDependenceHighGrayLevelEmphasis,0.09688299133046173
wavelet-LLL_glszm_SmallAreaLowGrayLevelEmphasis,0.09676752967605741
exponential_ngtdm_Busyness,0.09673366078330944
wavelet-LLL_firstorder_MeanAbsoluteDeviation,0.09673053008221459
original_firstorder_Uniformity,0.0965691502129767
square_glszm_SmallAreaHighGrayLevelEmphasis,0.09650588903648268
wavelet-LLL_glcm_DifferenceEntropy,0.09649083834104581
wavelet-LHH_firstorder_Energy,0.09632378888500258
logarithm_firstorder_Minimum,0.09630722475852241
wavelet-LHL_gldm_LowGrayLevelEmphasis,0.09619016477052408
wavelet-LHL_glrlm_LowGrayLevelRunEmphasis,0.09613290725524513
gradient_glrlm_ShortRunEmphasis,0.09610493165504166
squareroot_glrlm_RunLengthNonUniformity,0.09608920336043449
gradient_glcm_SumAverage,0.09575519588793406
gradient_glcm_JointAverage,0.0957551958879327
wavelet-LLL_firstorder_Variance,0.09574323501072576
wavelet-LLL_gldm_GrayLevelVariance,0.09573032265776606
gradient_glcm_JointEnergy,0.09557577738729506
wavelet-LLH_glcm_JointEntropy,0.09542141819949637
logarithm_firstorder_Energy,0.09533031691750922
lbp-3D-k_ngtdm_Busyness,0.0952853945383074
wavelet-LLL_firstorder_Range,0.09496145341288738
wavelet-HHH_glcm_ClusterShade,0.09492982409746566
original_glszm_LowGrayLevelZoneEmphasis,0.09490904560357084
wavelet-LHL_glrlm_ShortRunLowGrayLevelEmphasis,0.09472386583113135
wavelet-LHL_firstorder_TotalEnergy,0.09458837902836083
exponential_firstorder_MeanAbsoluteDeviation,0.09445339849891414
wavelet-LHL_firstorder_MeanAbsoluteDeviation,0.09419019088380444
wavelet-LHH_glcm_Idmn,0.09401246024471795
exponential_glszm_GrayLevelNonUniformity,0.09372311736660804
wavelet-LHL_glszm_SmallAreaLowGrayLevelEmphasis,0.09330199986052777
wavelet-HHL_ngtdm_Contrast,0.09310420256358415
wavelet-LLL_firstorder_Entropy,0.09304289556204616
wavelet-HLH_firstorder_Kurtosis,0.09303427140326417
wavelet-LLH_firstorder_InterquartileRange,0.09284276208985334
wavelet-HLL_glrlm_RunLengthNonUniformity,0.09268531052988122
gradient_glcm_ClusterShade,0.09266646953148175
gradient_glcm_Id,0.0925919865998605
logarithm_glszm_LowGrayLevelZoneEmphasis,0.09255022732774709
wavelet-LHH_glcm_ClusterShade,0.092542551142175
square_gldm_SmallDependenceLowGrayLevelEmphasis,0.09247979200215932
gradient_glrlm_RunLengthNonUniformityNormalized,0.09247491908814592
logarithm_glcm_ClusterTendency,0.09246705045393466
logarithm_glszm_LargeAreaLowGrayLevelEmphasis,0.0922824625614256
logarithm_firstorder_Range,0.09222274564778937
gradient_firstorder_Range,0.09205208790914599
wavelet-LHL_glszm_GrayLevelNonUniformity,0.0920005064828388
wavelet-LLL_glrlm_GrayLevelNonUniformityNormalized,0.09192137749731583
original_gldm_SmallDependenceEmphasis,0.09167646047523878
wavelet-LHL_firstorder_Skewness,0.09159464856275579
wavelet-LLH_glrlm_RunLengthNonUniformity,0.09156588367815252
gradient_firstorder_Maximum,0.09150726569774638
wavelet-HLL_glszm_SmallAreaLowGrayLevelEmphasis,0.0912849433795948
wavelet-LLH_firstorder_90Percentile,0.0912411823375792
gradient_glrlm_LowGrayLevelRunEmphasis,0.09120972944999894
wavelet-HLL_firstorder_Kurtosis,0.09075560701209617
wavelet-LHL_glcm_DifferenceVariance,0.0906620127834448
lbp-2D_firstorder_10Percentile,0.09045106640579333
original_shape_Sphericity,0.09020962502479496
wavelet-LLH_glrlm_GrayLevelNonUniformityNormalized,0.09004769760865597
squareroot_firstorder_Range,0.090046237292888
gradient_glcm_Idm,0.09001613664281946
wavelet-LLH_glcm_SumEntropy,0.08973012707113277
wavelet-LLL_glszm_LowGrayLevelZoneEmphasis,0.08949019323164036
wavelet-LLL_firstorder_Uniformity,0.08948444383491502
original_firstorder_Range,0.08948355284122132
wavelet-LHH_glrlm_LongRunHighGrayLevelEmphasis,0.08948075580280102
square_glszm_HighGrayLevelZoneEmphasis,0.08947443430879883
original_glszm_SmallAreaLowGrayLevelEmphasis,0.08939971024950358
lbp-2D_gldm_DependenceNonUniformity,0.08939891094665534
lbp-3D-m1_gldm_DependenceNonUniformity,0.08939891094665534
lbp-3D-m2_gldm_DependenceNonUniformity,0.08939891094665534
exponential_gldm_DependenceNonUniformity,0.0893963697120051
exponential_glcm_Imc1,0.08938720965327486
wavelet-LHL_glrlm_RunEntropy,0.08930345096277335
lbp-3D-m1_firstorder_Energy,0.08918632778579844
wavelet-LHL_glszm_LowGrayLevelZoneEmphasis,0.08902310311239017
lbp-3D-k_firstorder_Kurtosis,0.08891356965503101
lbp-3D-k_gldm_SmallDependenceLowGrayLevelEmphasis,0.08891151357151708
wavelet-LHL_glrlm_RunLengthNonUniformity,0.0887598365593276
original_glcm_Imc1,0.08875935031617084
lbp-2D_glszm_GrayLevelNonUniformity,0.08872223747209802
lbp-3D-m1_glszm_GrayLevelNonUniformity,0.08872223747209802
lbp-3D-m2_glszm_GrayLevelNonUniformity,0.08872223747209802
squareroot_gldm_SmallDependenceLowGrayLevelEmphasis,0.08868544682474996
wavelet-LLL_gldm_GrayLevelNonUniformity,0.08853099621523637
square_firstorder_Maximum,0.08846349387606563
square_firstorder_Range,0.08846346161566254
exponential_glcm_Idmn,0.08842838243118797
lbp-3D-m2_firstorder_90Percentile,0.08806498068396376
wavelet-LLH_firstorder_Kurtosis,0.08799379926353537
wavelet-HLL_glszm_ZoneEntropy,0.08791959400729228
original_firstorder_Maximum,0.0879058343986333
lbp-3D-m1_firstorder_Median,0.08772842751530684
wavelet-LLL_glrlm_RunPercentage,0.0876654494143571
wavelet-LHL_gldm_LargeDependenceHighGrayLevelEmphasis,0.08761294400377508
wavelet-LHL_glcm_ClusterProminence,0.0875603929245876
gradient_glcm_JointEntropy,0.08754528747689028
wavelet-LHL_firstorder_Kurtosis,0.08739453545945726
squareroot_glszm_SmallAreaLowGrayLevelEmphasis,0.08739126643640059
wavelet-LHH_gldm_LargeDependenceHighGrayLevelEmphasis,0.08715076502347169
exponential_firstorder_InterquartileRange,0.08692170245540266
wavelet-HHL_gldm_DependenceNonUniformity,0.08683068356957592
wavelet-LLL_gldm_SmallDependenceLowGrayLevelEmphasis,0.08682871643365221
logarithm_firstorder_Maximum,0.08668424804885481
wavelet-HHH_glcm_ClusterProminence,0.08668035255425006
gradient_glrlm_GrayLevelNonUniformity,0.08655467740467016
wavelet-LHH_glcm_ClusterProminence,0.08655057075079794
original_glcm_ClusterShade,0.08652735460278387
lbp-2D_glszm_SizeZoneNonUniformity,0.0863096448943763
lbp-3D-m1_glszm_SizeZoneNonUniformity,0.0863096448943763
lbp-3D-m2_glszm_SizeZoneNonUniformity,0.0863096448943763
wavelet-LLH_glrlm_LongRunLowGrayLevelEmphasis,0.08625547718698813
exponential_glcm_Imc2,0.08610945688487276
exponential_glcm_Idn,0.08574479948040253
squareroot_glszm_LowGrayLevelZoneEmphasis,0.08555653436956925
original_glrlm_GrayLevelNonUniformityNormalized,0.0849870741594471
gradient_gldm_DependenceNonUniformityNormalized,0.08494647901045935
wavelet-LLL_glcm_ClusterProminence,0.08487150300627141
lbp-3D-k_firstorder_Minimum,0.08470200154214716
wavelet-LHL_firstorder_90Percentile,0.08455524383917058
squareroot_glszm_SizeZoneNonUniformity,0.08428027763813216
wavelet-LHL_glrlm_GrayLevelVariance,0.08421679630574264
wavelet-LHL_glcm_ClusterTendency,0.084186738397192
wavelet-LHL_glrlm_LongRunLowGrayLevelEmphasis,0.08400552722357035
wavelet-LHH_glrlm_RunLengthNonUniformity,0.08400017563097989
wavelet-HLL_glrlm_LongRunLowGrayLevelEmphasis,0.08367617371157124
wavelet-LHL_gldm_GrayLevelVariance,0.083581030859473
wavelet-LHL_firstorder_Variance,0.08353952038549609
exponential_firstorder_RobustMeanAbsoluteDeviation,0.08353887185166982
exponential_glcm_SumEntropy,0.08341214093012791
exponential_glcm_DifferenceEntropy,0.0833282094103859
exponential_glcm_SumAverage,0.08313647292133144
exponential_glcm_JointAverage,0.08313647292132886
exponential_glcm_JointEntropy,0.08311196257805932
exponential_glcm_Id,0.08291062592661742
exponential_glcm_Idm,0.08280415554741467
original_glcm_DifferenceEntropy,0.0827264823536006
exponential_glcm_DifferenceAverage,0.08270225003117986
lbp-2D_glszm_ZoneVariance,0.08261957804547855
lbp-3D-m1_glszm_ZoneVariance,0.08261957804547855
lbp-3D-m2_glszm_ZoneVariance,0.08261957804547855
lbp-3D-k_gldm_SmallDependenceEmphasis,0.08257221625258374
exponential_glcm_JointEnergy,0.08249187542333127
exponential_glcm_MaximumProbability,0.08248399463198082
wavelet-HLH_gldm_DependenceNonUniformity,0.08227143156182984
square_gldm_GrayLevelNonUniformity,0.08225068209785073
exponential_firstorder_Skewness,0.08204073766665038
logarithm_glszm_SmallAreaLowGrayLevelEmphasis,0.08194153024235447
wavelet-LHL_glcm_ClusterShade,0.08183721595767975
wavelet-LLH_gldm_LowGrayLevelEmphasis,0.08180776022439519
exponential_gldm_LowGrayLevelEmphasis,0.081483355004502
wavelet-HLH_glszm_GrayLevelNonUniformity,0.0814637457262834
squareroot_glszm_GrayLevelNonUniformity,0.08133021297982292
wavelet-LLH_glrlm_LowGrayLevelRunEmphasis,0.0813103733433467
wavelet-HHL_gldm_SmallDependenceLowGrayLevelEmphasis,0.08130883712093227
exponential_firstorder_Entropy,0.08120778986840942
exponential_firstorder_Uniformity,0.08115270131898264
squareroot_glcm_ClusterProminence,0.08112123419095207
squareroot_gldm_DependenceNonUniformity,0.08106559092783176
squareroot_firstorder_Maximum,0.08092129963740605
exponential_glrlm_LowGrayLevelRunEmphasis,0.0807535529996361
wavelet-LHH_glszm_GrayLevelNonUniformity,0.08072007949993958
exponential_glcm_Autocorrelation,0.08042802557089132
wavelet-LHL_glcm_Contrast,0.08037888823003037
wavelet-LHH_firstorder_Kurtosis,0.0803529275493494
exponential_firstorder_Energy,0.08028269376548716
exponential_glrlm_GrayLevelNonUniformityNormalized,0.08014266953895384
wavelet-LLH_glszm_SmallAreaLowGrayLevelEmphasis,0.07988054270918986
square_ngtdm_Complexity,0.079710137976647
wavelet-LLH_glrlm_ShortRunLowGrayLevelEmphasis,0.07968369691377665
wavelet-LLL_glrlm_GrayLevelNonUniformity,0.07951552162638083
lbp-2D_firstorder_Energy,0.07940290167702167
wavelet-LLL_gldm_LargeDependenceLowGrayLevelEmphasis,0.07918671974890085
wavelet-LLL_glrlm_LowGrayLevelRunEmphasis,0.07857770289257743
wavelet-LHL_glcm_SumSquares,0.07827534423379012
wavelet-LLL_glrlm_ShortRunLowGrayLevelEmphasis,0.07824896714698396
square_glrlm_RunEntropy,0.07797935096537677
exponential_gldm_SmallDependenceHighGrayLevelEmphasis,0.07787564067889868
lbp-3D-k_glrlm_GrayLevelNonUniformity,0.07774814649872856
exponential_glcm_InverseVariance,0.07741412066718278
wavelet-HLL_glrlm_ShortRunLowGrayLevelEmphasis,0.07724192006003919
wavelet-HHL_glcm_Idn,0.07723131878976928
wavelet-LLL_gldm_LowGrayLevelEmphasis,0.07710919235110682
square_glrlm_RunVariance,0.07672765803272613
original_glszm_ZonePercentage,0.07633221610957648
original_firstorder_Entropy,0.07624458724196286
squareroot_glcm_ClusterTendency,0.07623156332463873
wavelet-LLL_glcm_Idm,0.07602262576212848
wavelet-HLL_glcm_Idn,0.07590030560634652
wavelet-LLL_glrlm_ShortRunEmphasis,0.07565999853282855
exponential_firstorder_Kurtosis,0.07545868808989764
logarithm_glcm_ClusterShade,0.07545665575205533
exponential_firstorder_Maximum,0.07520467008243753
exponential_firstorder_Range,0.0751927215241431
wavelet-HLL_glrlm_LowGrayLevelRunEmphasis,0.07513875802989996
exponential_ngtdm_Complexity,0.07506516878920567
wavelet-HLL_gldm_LowGrayLevelEmphasis,0.07499569786035658
wavelet-LHL_gldm_DependenceEntropy,0.07453282716512448
wavelet-LHL_glcm_Idn,0.0741513226344708
wavelet-HLL_glszm_LowGrayLevelZoneEmphasis,0.0738511104711972
wavelet-LLL_glrlm_LongRunLowGrayLevelEmphasis,0.07282370824152805
square_glrlm_LongRunLowGrayLevelEmphasis,0.0727332201119539
wavelet-LLL_glrlm_RunLengthNonUniformityNormalized,0.07261919114690193
wavelet-HHL_glszm_GrayLevelNonUniformity,0.07212348315713983
gradient_glcm_InverseVariance,0.0721166951043901
original_glcm_DifferenceAverage,0.0720469706865136
square_glrlm_LongRunEmphasis,0.07199938093333887
gradient_ngtdm_Complexity,0.07157461723267998
wavelet-LLL_glcm_InverseVariance,0.07117003723220905
original_glszm_LargeAreaLowGrayLevelEmphasis,0.07109688141917538
exponential_glrlm_HighGrayLevelRunEmphasis,0.07097062113092749
logarithm_ngtdm_Strength,0.0709670693911534
original_gldm_SmallDependenceLowGrayLevelEmphasis,0.07040873844796333
exponential_glcm_ClusterTendency,0.0701810841830945
wavelet-LLH_glszm_LowGrayLevelZoneEmphasis,0.06979493771807996
exponential_glcm_SumSquares,0.06942622860672493
lbp-3D-k_glrlm_RunLengthNonUniformity,0.06882132711509344
gradient_glszm_LargeAreaHighGrayLevelEmphasis,0.0684903893979341
exponential_glcm_Contrast,0.06832810535096251
exponential_glcm_DifferenceVariance,0.06832146087726733
gradient_glrlm_ShortRunLowGrayLevelEmphasis,0.06816635827269449
exponential_glrlm_GrayLevelVariance,0.06773369194822759
gradient_firstorder_Minimum,0.06689068962838884
wavelet-LHL_glcm_Idmn,0.06658441244082156
lbp-3D-m1_firstorder_RootMeanSquared,0.06648086763667045
logarithm_glszm_LargeAreaEmphasis,0.06634742577703451
logarithm_glszm_ZoneVariance,0.06611730234695369
exponential_gldm_HighGrayLevelEmphasis,0.06603102973845518
exponential_firstorder_Variance,0.0658293682466087
wavelet-LLL_glcm_Id,0.06450439224694042
lbp-3D-k_glszm_LargeAreaHighGrayLevelEmphasis,0.06418593795690569
exponential_gldm_GrayLevelVariance,0.06348327911989235
logarithm_gldm_DependenceNonUniformity,0.06338693630738447
exponential_glszm_SmallAreaHighGrayLevelEmphasis,0.06250218493252387
exponential_glszm_HighGrayLevelZoneEmphasis,0.060853578236967944
wavelet-HHH_gldm_DependenceVariance,0.060333713642922907
logarithm_glszm_SizeZoneNonUniformity,0.05991785259351512
wavelet-HHL_glcm_Idmn,0.05942910642804042
exponential_glcm_ClusterShade,0.05893485219979145
exponential_glszm_GrayLevelNonUniformityNormalized,0.058699437824391146
exponential_glszm_SizeZoneNonUniformity,0.05853250340755021
exponential_ngtdm_Coarseness,0.058442492130638936
exponential_glszm_GrayLevelVariance,0.05785211631723119
exponential_ngtdm_Contrast,0.05764740076939856
lbp-3D-k_glszm_ZoneVariance,0.05698482726885825
lbp-3D-k_glszm_LargeAreaEmphasis,0.05663121416599341
wavelet-LLL_gldm_SmallDependenceEmphasis,0.056352654899937196
exponential_ngtdm_Strength,0.0563416585245698
exponential_glcm_MCC,0.05615190293404523
wavelet-HHH_gldm_DependenceNonUniformityNormalized,0.05611379390829421
lbp-3D-k_glszm_LargeAreaLowGrayLevelEmphasis,0.05594647309640209
exponential_glcm_ClusterProminence,0.0554994120606587
logarithm_glcm_ClusterProminence,0.05443443663686711
square_gldm_DependenceNonUniformityNormalized,0.05391336724306519
square_firstorder_Minimum,0.05383819020581985
wavelet-LLL_gldm_DependenceNonUniformityNormalized,0.05227036918079663
exponential_glszm_LowGrayLevelZoneEmphasis,0.050533149977728
wavelet-LLL_glszm_ZonePercentage,0.04128704144036051
lbp-2D_firstorder_90Percentile,0.018940268750018537
lbp-2D_firstorder_Entropy,0.0
lbp-2D_firstorder_Maximum,0.0
lbp-2D_firstorder_Minimum,0.0
lbp-2D_firstorder_Range,0.0
lbp-2D_firstorder_Uniformity,0.0
lbp-2D_glcm_Autocorrelation,0.0
lbp-2D_glcm_ClusterProminence,0.0
lbp-2D_glcm_ClusterShade,0.0
lbp-2D_glcm_ClusterTendency,0.0
lbp-2D_glcm_Contrast,0.0
lbp-2D_glcm_Correlation,0.0
lbp-2D_glcm_DifferenceAverage,0.0
lbp-2D_glcm_DifferenceEntropy,0.0
lbp-2D_glcm_DifferenceVariance,0.0
lbp-2D_glcm_Id,0.0
lbp-2D_glcm_Idm,0.0
lbp-2D_glcm_Idmn,0.0
lbp-2D_glcm_Idn,0.0
lbp-2D_glcm_Imc1,0.0
lbp-2D_glcm_Imc2,0.0
lbp-2D_glcm_InverseVariance,0.0
lbp-2D_glcm_JointAverage,0.0
lbp-2D_glcm_JointEnergy,0.0
lbp-2D_glcm_JointEntropy,0.0
lbp-2D_glcm_MCC,0.0
lbp-2D_glcm_MaximumProbability,0.0
lbp-2D_glcm_SumAverage,0.0
lbp-2D_glcm_SumEntropy,0.0
lbp-2D_glcm_SumSquares,0.0
lbp-2D_gldm_GrayLevelVariance,0.0
lbp-2D_gldm_HighGrayLevelEmphasis,0.0
lbp-2D_gldm_LowGrayLevelEmphasis,0.0
lbp-2D_glrlm_GrayLevelNonUniformityNormalized,0.0
lbp-2D_glrlm_GrayLevelVariance,0.0
lbp-2D_glrlm_HighGrayLevelRunEmphasis,0.0
lbp-2D_glrlm_LowGrayLevelRunEmphasis,0.0
lbp-2D_glszm_GrayLevelNonUniformityNormalized,0.0
lbp-2D_glszm_GrayLevelVariance,0.0
lbp-2D_glszm_HighGrayLevelZoneEmphasis,0.0
lbp-2D_glszm_LowGrayLevelZoneEmphasis,0.0
lbp-2D_ngtdm_Busyness,0.0
lbp-2D_ngtdm_Coarseness,0.0
lbp-2D_ngtdm_Complexity,0.0
lbp-2D_ngtdm_Contrast,0.0
lbp-2D_ngtdm_Strength,0.0
lbp-3D-m1_firstorder_Entropy,0.0
lbp-3D-m1_firstorder_Maximum,0.0
lbp-3D-m1_firstorder_Minimum,0.0
lbp-3D-m1_firstorder_Range,0.0
lbp-3D-m1_firstorder_Uniformity,0.0
lbp-3D-m1_glcm_Autocorrelation,0.0
lbp-3D-m1_glcm_ClusterProminence,0.0
lbp-3D-m1_glcm_ClusterShade,0.0
lbp-3D-m1_glcm_ClusterTendency,0.0
lbp-3D-m1_glcm_Contrast,0.0
lbp-3D-m1_glcm_Correlation,0.0
lbp-3D-m1_glcm_DifferenceAverage,0.0
lbp-3D-m1_glcm_DifferenceEntropy,0.0
lbp-3D-m1_glcm_DifferenceVariance,0.0
lbp-3D-m1_glcm_Id,0.0
lbp-3D-m1_glcm_Idm,0.0
lbp-3D-m1_glcm_Idmn,0.0
lbp-3D-m1_glcm_Idn,0.0
lbp-3D-m1_glcm_Imc1,0.0
lbp-3D-m1_glcm_Imc2,0.0
lbp-3D-m1_glcm_InverseVariance,0.0
lbp-3D-m1_glcm_JointAverage,0.0
lbp-3D-m1_glcm_JointEnergy,0.0
lbp-3D-m1_glcm_JointEntropy,0.0
lbp-3D-m1_glcm_MCC,0.0
lbp-3D-m1_glcm_MaximumProbability,0.0
lbp-3D-m1_glcm_SumAverage,0.0
lbp-3D-m1_glcm_SumEntropy,0.0
lbp-3D-m1_glcm_SumSquares,0.0
lbp-3D-m1_gldm_GrayLevelVariance,0.0
lbp-3D-m1_gldm_HighGrayLevelEmphasis,0.0
lbp-3D-m1_gldm_LowGrayLevelEmphasis,0.0
lbp-3D-m1_glrlm_GrayLevelNonUniformityNormalized,0.0
lbp-3D-m1_glrlm_GrayLevelVariance,0.0
lbp-3D-m1_glrlm_HighGrayLevelRunEmphasis,0.0
lbp-3D-m1_glrlm_LowGrayLevelRunEmphasis,0.0
lbp-3D-m1_glszm_GrayLevelNonUniformityNormalized,0.0
lbp-3D-m1_glszm_GrayLevelVariance,0.0
lbp-3D-m1_glszm_HighGrayLevelZoneEmphasis,0.0
lbp-3D-m1_glszm_LowGrayLevelZoneEmphasis,0.0
lbp-3D-m1_ngtdm_Busyness,0.0
lbp-3D-m1_ngtdm_Coarseness,0.0
lbp-3D-m1_ngtdm_Complexity,0.0
lbp-3D-m1_ngtdm_Contrast,0.0
lbp-3D-m1_ngtdm_Strength,0.0
lbp-3D-m2_firstorder_Entropy,0.0
lbp-3D-m2_firstorder_Minimum,0.0
lbp-3D-m2_firstorder_Uniformity,0.0
lbp-3D-m2_glcm_Autocorrelation,0.0
lbp-3D-m2_glcm_ClusterProminence,0.0
lbp-3D-m2_glcm_ClusterShade,0.0
lbp-3D-m2_glcm_ClusterTendency,0.0
lbp-3D-m2_glcm_Contrast,0.0
lbp-3D-m2_glcm_Correlation,0.0
lbp-3D-m2_glcm_DifferenceAverage,0.0
lbp-3D-m2_glcm_DifferenceEntropy,0.0
lbp-3D-m2_glcm_DifferenceVariance,0.0
lbp-3D-m2_glcm_Id,0.0
lbp-3D-m2_glcm_Idm,0.0
lbp-3D-m2_glcm_Idmn,0.0
lbp-3D-m2_glcm_Idn,0.0
lbp-3D-m2_glcm_Imc1,0.0
lbp-3D-m2_glcm_Imc2,0.0
lbp-3D-m2_glcm_InverseVariance,0.0
lbp-3D-m2_glcm_JointAverage,0.0
lbp-3D-m2_glcm_JointEnergy,0.0
lbp-3D-m2_glcm_JointEntropy,0.0
lbp-3D-m2_glcm_MCC,0.0
lbp-3D-m2_glcm_MaximumProbability,0.0
lbp-3D-m2_glcm_SumAverage,0.0
lbp-3D-m2_glcm_SumEntropy,0.0
lbp-3D-m2_glcm_SumSquares,0.0
lbp-3D-m2_gldm_GrayLevelVariance,0.0
lbp-3D-m2_gldm_HighGrayLevelEmphasis,0.0
lbp-3D-m2_gldm_LowGrayLevelEmphasis,0.0
lbp-3D-m2_glrlm_GrayLevelNonUniformityNormalized,0.0
lbp-3D-m2_glrlm_GrayLevelVariance,0.0
lbp-3D-m2_glrlm_HighGrayLevelRunEmphasis,0.0
lbp-3D-m2_glrlm_LowGrayLevelRunEmphasis,0.0
lbp-3D-m2_glszm_GrayLevelNonUniformityNormalized,0.0
lbp-3D-m2_glszm_GrayLevelVariance,0.0
lbp-3D-m2_glszm_HighGrayLevelZoneEmphasis,0.0
lbp-3D-m2_glszm_LowGrayLevelZoneEmphasis,0.0
lbp-3D-m2_ngtdm_Busyness,0.0
lbp-3D-m2_ngtdm_Coarseness,0.0
lbp-3D-m2_ngtdm_Complexity,0.0
lbp-3D-m2_ngtdm_Contrast,0.0
lbp-3D-m2_ngtdm_Strength,0.0
